[0504/154207.296720:WARNING:resource_util.cc(94)] Please customize CefSettings.root_cache_path for your application. Use of the default value may lead to unintended process singleton behavior.
Detected "scene.pkg" file at "/home/mia/Documents/nix/home/hyprland/services/ags/config/widget/desktop/wallpaper-engine/3312462838/scene.pkg". Adding to list of searchable paths
No "gifscene.pkg" file found at "/home/mia/Documents/nix/home/hyprland/services/ags/config/widget/desktop/wallpaper-engine/3312462838/gifscene.pkg". Defaulting to normal folder storage
WARNING: Shader patches directory cannot be found, this might make some backgrounds not work properly
Cannot find required key (origin) in json: Particle emitter must have an origin
Cannot find required key (directions) in json: Particle emitter must have direction specified
Cannot find required key (directions) in json: Particle emitter must have direction specified
Detected "scene.pkg" file at "/home/mia/Documents/nix/home/hyprland/services/ags/config/widget/desktop/wallpaper-engine/3312462838/scene.pkg". Adding to list of searchable paths
No "gifscene.pkg" file found at "/home/mia/Documents/nix/home/hyprland/services/ags/config/widget/desktop/wallpaper-engine/3312462838/gifscene.pkg". Defaulting to normal folder storage
WARNING: Shader patches directory cannot be found, this might make some backgrounds not work properly
Cannot find required key (origin) in json: Particle emitter must have an origin
Cannot find required key (directions) in json: Particle emitter must have direction specified
Cannot find required key (directions) in json: Particle emitter must have direction specified
[W][15:42:07.466108] pw.conf      | [          conf.c: 1204 pw_conf_load_conf_for_context()] setting config.name to clStop requested
 deprecated, using client.conf
[0504/154207.470373:WARNING:sandbox_linux.cc(400)] InitializeSandbox() called with multiple threads in process gpu-process.
Cannot find FBO _rt_shadowAtlas
Cannot resolve texture _rt_shadowAtlas for fragment shader Cannot find FBO _rt_shadowAtlas
Cannot find FBO _alias_lightCookie
Cannot rStop requested
_alias_lightCookie for fragment shader Cannot find FBO _alias_lightCookie
Resorting to default value as type "options" is unknown
Resorting to default value as type "options" is unknown
Resorting to default value as type Stop requested
known
Resorting to default value as type "options" is unknown
Resorting to default value as type "options" is unknown
Resorting to default value as type "options" is unknown
Resorting to default value as type "options" is unknown
Resorting to default value as type "options" is unknown
Resorting to default value as type "audioprocessingoptions" is unknown
Resorting to default value as type "imageblending" is unknown
Resorting to default value as type "options" is unknown
Resorting to default value as type "options" is unknown
Cannot find FBO _rt_shadowAtlas
Cannot resolve texture _rt_shadowAtlas for fragment shader Cannot find FBO _rt_shadowAtlas
Cannot find FBO _alias_lightCookie
Cannot resolve texture _alias_lightCookie for fragment shader Cannot find FBO _alias_lightCookie
Resorting to default value as type "options" is unknown
Resorting to default value as type "options" is unknown
Resorting to default value as type "options" is unknown
Resorting to default value as type "imageblending" is unknown
Resorting to default value as type "options" is unknown
Resorting to default value as type "options" is unknown
Resorting to default value as type "options" is unknown
Resorting to default value as type "options" is unknown
Resorting to default value as type "options" is unknown
Resorting to default value as type "imageblending" is unknown
Resorting to default value as type "options" is unknown
Resorting to default value as type "options" is unknown
Cannot find FBO _rt_shadowAtlas
Cannot resolve texture _rt_shadowAtlas for fragment shader Cannot find FBO _rt_shadowAtlas
Cannot find FBO _alias_lightCookie
Cannot resolve texture _alias_lightCookie for fragment shader Cannot find FBO _alias_lightCookie
0:751(22): error: no function with name 'ApplyBlending'

Compiled source code:
#version 330
// ======================================================
// Processed shader genericimage3
// ======================================================
precision highp float;
#define mul(x, y) ((y) * (x))
#define max(x, y) max (y, x)
#define lerp mix
#define frac fract
#define CAST2(x) (vec2(x))
#define CAST3(x) (vec3(x))
#define CAST4(x) (vec4(x))
#define CAST3X3(x) (mat3(x))
#define saturate(x) (clamp(x, 0.0, 1.0))
#define texSample2D texture
#define texSample2DLod textureLod
#define atan2 atan
#define fmod(x, y) ((x)-(y)*trunc((x)/(y)))
#define ddx dFdx
#define ddy(x) dFdy(-(x))
#define GLSL 1

out vec4 out_FragColor;
#define varying in
// ======================================================
// Shader combo parameter definitions
// ======================================================
// found combos from current shader
#define LIGHTING 0
#define REFLECTION 0
// combos from pass
#define BLENDMODE 31

// [COMBO] {"material":"ui_editor_properties_lighting","combo":"LStop requested
lt":0}

// [COMBO] {"material":"ui_editor_properties_reflection","combo":"REFLECTION","default":0}





uniform sampler2D g_Texture0; // {"label":"ui_editor_properties_albedo","nonremovable":true}

uniform mat4 g_ViewProjectionMatrix;
uniform vec4 g_Color4;

#if VERTEXCOLOR
varying vec4 v_Color;
#endif

#if PBRMASKS
varying vec4 v_TexCoord;
#else
varying vec2 v_TexCoord;
#endif

#if LIGHTING || REFLECTION
uniform sampler2D g_Texture1; // {"label":"ui_editor_properties_normal_map","combo":"NORMALMAP","format":"rg88","formatcombo":true,"mode":"normal","requireany":true,"require":{"LIGHTING":1,"REFLECTION":1}}
uniform sampler2D g_Texture2; // {"combo":"PBRMASKS","mode":"opacitymask","paintdefaultcolor":"0 0 0 1","components":[{"label":"ui_editor_properties_metallic_map","combo":"METALLIC_MAP"},{"label":"ui_editor_properties_roughness_map","combo":"ROUGHNESS_MAP"},{"label":"ui_editor_properties_reflection_map","combo":"REFLECTION_MAP"},{"label":"ui_editor_properties_emissive_map","combo":"EMISSIVE_MAP"}],"requireany":true,"require":{"LIGHTING":1,"REFLECTION":1}}
uniform float g_Roughness; // {"material":"roughness","label":"ui_editor_properties_roughness","default":0.7,"range":[0,1],"group":"ui_editor_properties_material","nobindings":true}
uniform float g_Metallic; // {"material":"metallic","label":"ui_editor_properties_metallic","default":0,"range":[0,1],"group":"ui_editor_properties_material","nobindings":true}
uniform vec3 g_SpecularTint; // {"material":"speculartint","label":"ui_editor_properties_specular_tint","type":"color","default":"1 1 1","group":"ui_editor_properties_material"}

uniform vec3 g_EmissiveColor; // {"material":"emissivecolor", "label":"ui_editor_properties_emissive_color", "type": "color", "default":"1 1 1","group":"ui_editor_properties_material"}
uniform float g_EmissiveBrightness; // {"material":"emissivebrightness", "label":"ui_editor_properties_emissive_brightness", "default":1.0,"range":[0,10],"group":"ui_editor_properties_material"}
#endif

#if LIGHTING
uniform vec3 g_LightAmbientColor;
#endif

#if LIGHTING || REFLECTION
varying vec4 v_ViewDir;
varying vec3 v_Normal;
varying vec3 v_Tangent;
varying vec3 v_Bitangent;
varying vec3 v_WorldPos;
#if NORMALMAP == 0
varying vec3 v_WorldNormal;
#endif
#endif

#if REFLECTION && NORMALMAP
uniform vec3 g_Screen;
uniform sampler2D g_Texture3; // {"hidden":true,"default":"_rt_MipMappedFrameBuffer"}
uniform float g_Reflectivity; // {"material":"reflectivity","label":"ui_editor_properties_reflectivity","default":1,"range":[0,1],"group":"ui_editor_properties_material","nobindings":true}
uniform float g_Texture3MipMapInfo;
#endif

#if REFLECTION && NORMALMAP || BLENDMODE
varying vec3 v_ScreenPos;
#endif

#if BLENDMODE
uniform sampler2D g_Texture4; // {"hidden":true,"default":"_rt_FullFrameBuffer"}
#endif

#if MORPHING || SKINNING_ALPHA
varying float v_VertexAlpha;
#endif

#if LIGHTS_POINT
uniform vec4 g_LPoint_Color[LIGHTS_POINT];
uniform vec4 g_LPoint_Origin[LIGHTS_POINT];
#endif
#if LIGHTS_SPOT
uniform vec4 g_LSpot_Color[LIGHTS_SPOT];
uniform vec4 g_LSpot_Origin[LIGHTS_SPOT];
uniform vec4 g_LSpot_Direction[LIGHTS_SPOT];
#endif
#if LIGHTS_TUBE
uniform vec4 g_LTube_Color[LIGHTS_TUBE];
uniform vec4 g_LTube_OriginA[LIGHTS_TUBE];
uniform vec4 g_LTube_OriginB[LIGHTS_TUBE];
#endif
#if LIGHTS_DIRECTIONAL
uniform vec4 g_LDirectional_Color[LIGHTS_DIRECTIONAL];
uniform vec4 g_LDirectional_Direction[LIGHTS_DIRECTIONAL];
#endif

#if LIGHTING
#if SHADERVERSION < 62
// DEPRECATION BSSSSS


// begin of included from file common_pbr.h

// begin of include from file common.h

#define M_PI 3.14159265359
#define M_PI_HALF 1.57079632679
#define M_PI_2 6.28318530718

#define SQRT_2 1.41421356237
#define SQRT_3 1.73205080756





vec3 hsv2rgb(vec3 c)
{
	vec4 K= vec4(1.0, 2.0 / 3.0, 1.0 / 3.0, 3.0);
	vec3 p= abs(frac(c.xxx + K.xyz) * 6.0 - K.www);
	return c.z * mix(K.xxx, clamp(p - K.xxx, 0.0, 1.0), c.y);
}

vec3 rgb2hsv(vec3 RGB)
{
	vec4 P= (RGB.g < RGB.b) ? vec4(RGB.bg, -1.0, 2.0/3.0) : vec4(RGB.gb, 0.0, -1.0/3.0);
	vec4 Q= (RGB.r < P.x) ? vec4(P.xyw, RGB.r) : vec4(RGB.r, P.yzx);
	float C= Q.x - min(Q.w, Q.y);
	float H= abs((Q.w - Q.y) / (6.0 * C + 1e-10) + Q.z);

	vec3 HCV= vec3(H, C, Q.x);
	float S= HCV.y / (HCV.z + 1e-10);
	return vec3(HCV.x, S, HCV.z);
}

vec2 rotateVec2(vec2 v, float r)
{
	vec2 cs= vec2(cos(r), sin(r));
	return vec2(v.x * cs.x - v.y * cs.y, v.x * cs.y + v.y * cs.x);
}

float greyscale(vec3 color)
{
	return dot(color, vec3(0.11, 0.59, 0.3));
}

// end of included from file common.h






vec3 FresnelSchlick(float lightTheta, vec3 baseReflectance)
{
	return baseReflectance + (1.0 - baseReflectance) * pow(max(1.0 - lightTheta, 0.001), 5.0);
}

vec3 PointSegmentDelta(vec3 pos, vec3 segmentA, vec3 segmentB)
{
	vec3 delta= segmentB - segmentA;
	float v= dot(delta, delta);
	if (v == 0.0)
		return segmentA - pos;
	return segmentA + saturate(dot(pos - segmentA, segmentB - segmentA) / v) * (segmentB - segmentA) - pos;
}

float Distribution_GGX(vec3 N, vec3 H, float roughness)
{
	float rSqr= roughness * roughness;
	float rSqr2= rSqr * rSqr;
	float NH= max(dot(N, H), 0.0);
	float denominator= (NH * NH * (rSqr2 - 1.0) + 1.0);
	return rSqr2 / (M_PI * denominator * denominator);
}

float Schlick_GGX(float NV, float roughness)
{
	float roughnessBase= roughness + 1.0;
	float roughnessScaled= (roughnessBase * roughnessBase) / 8.0;
	return NV / (NV * (1.0 - roughnessScaled) + roughnessScaled);
}

float GeoSmith(vec3 N, vec3 V, vec3 L, float roughness)
{
	return Schlick_GGX(max(dot(N, V), 0.001), roughness) * Schlick_GGX(max(dot(N, L), 0.001), roughness);
}

// L = worldToLightVector, N = normalVector, V = worldToViewVector
vec3 ComputePBRLight(vec3 N, vec3 L, vec3 V,
	vec3 albedo, vec3 lightColor, vec3 baseReflectance, float roughness, float metallic)
{
	float distance= length(L);
	L = L / distance;
	vec3 H= normalize(V + L);

	float NDF= Distribution_GGX(N, H, roughness);
	float G= GeoSmith(N, V, L, roughness);
	vec3 F= FresnelSchlick(max(dot(H, V), 0.0), baseReflectance);
	vec3 numerator= NDF * G * F;

	float dNL= dot(N, L);

#ifdef GRADIENT_SAMPLER
	vec3 NL= CAST3(max(dNL * 0.5 + 0.5, 0.0));
#if TEX4FORMAT == FORMAT_R8 || TEX4FORMAT == FORMAT_RG88
	NL = texSample2D(GRADIENT_SAMPLER, vec2(NL.x, 0.0)).rrr;
#else
	NL = texSample2D(GRADIENT_SAMPLER, vec2(NL.x, 0.0)).rgb;
#endif

#if RIMLIGHTING
	float rimTerm= 1.0 - max(dot(N, V), 0.0);
	rimTerm = pow(rimTerm, RIM_LIGHTING_EXPONENT) * RIM_LIGHTING_AMOUNT * NL.x * step(0.01, lightColor.x + lightColor.y + lightColor.z);
	NL = max(NL, CAST3(rimTerm));
	metallic -= saturate(rimTerm);
#endif
	vec3 denominator= 4.0 * max(dot(N, V), 0.0) * NL;
	vec3 specular= numerator / max(denominator, CAST3(0.001));
#else
	float NL= max(dNL, 0.0);

#if RIMLIGHTING
	float rimTerm= 1.0 - max(dot(N, V), 0.0);
	rimTerm = pow(rimTerm, RIM_LIGHTING_EXPONENT) * RIM_LIGHTING_AMOUNT * NL * step(0.01, lightColor.x + lightColor.y + lightColor.z);
	NL = max(NL, rimTerm);
	metallic -= saturate(rimTerm);
#endif
	float denominator= 4.0 * max(dot(N, V), 0.0) * NL;
	vec3 specular= numerator / max(denominator, 0.001);
#endif

	vec3 diffuse= (1.0 - metallic) * (CAST3(1.0) - F);
	vec3 radiance= lightColor.xyz / (distance * distance);
	return (diffuse * albedo / M_PI + specular) * radiance * NL;
}

vec3 CombineLighting(vec3 light, vec3 ambient)
{
#if HDR
	float lightLen= length(light);
	float overbright= (saturate(lightLen - 2.0) * 0.5) / max(0.01, lightLen);
	return saturate(ambient + light) + (light * overbright);
#else
	return ambient + light;
#endif
}

// end of included from file common_pbr.h
// begin of included from file common_blending.h





vec4 Desaturate(vec3 color, float Desaturation)
{
	vec3 grayXfer= vec3(0.3, 0.59, 0.11);
	vec3 gray= CAST3(dot(grayXfer, color));
	return vec4(mix(color, gray, Desaturation), 1.0);
}

vec3 RGBToHSL(vec3 color)
{
#ifdef HDR
	color = saturate(color);
#endif

	vec3 hsl;
	float fmin= min(min(color.r, color.g), color.b);
	float fmax= max(max(color.r, color.g), color.b);
	float delta= fmax - fmin;
	hsl.z = (fmax + fmin) / 2.0;

	if (delta == 0.0)
	{
		hsl.x = 0.0;
		hsl.y = 0.0;
	}
	else
	{
		if (hsl.z < 0.5)
			hsl.y = delta / (fmax + fmin);
		else
			hsl.y = delta / (2.0 - fmax - fmin);
		float deltaR= (((fmax - color.r) / 6.0) + (delta / 2.0)) / delta;
		float deltaG= (((fmax - color.g) / 6.0) + (delta / 2.0)) / delta;
		float deltaB= (((fmax - color.b) / 6.0) + (delta / 2.0)) / delta;
		if (color.r == fmax )
			hsl.x = deltaB - deltaG;
		else if (color.g == fmax)
			hsl.x = (1.0 / 3.0) + deltaR - deltaB;
		else if (color.b == fmax)
			hsl.x = (2.0 / 3.0) + deltaG - deltaR;

		if (hsl.x < 0.0)
			hsl.x += 1.0;
		else if (hsl.x > 1.0)
			hsl.x -= 1.0;
	}

	return hsl;
}

float HueToRGB(float f1, float f2, float hue)
{
	if (hue < 0.0)
		hue += 1.0;
	else if (hue > 1.0)
		hue -= 1.0;
	float res;
	if ((6.0 * hue) < 1.0)
		res = f1 + (f2 - f1) * 6.0 * hue;
	else if ((2.0 * hue) < 1.0)
		res = f2;
	else if ((3.0 * hue) < 2.0)
		res = f1 + (f2 - f1) * ((2.0 / 3.0) - hue) * 6.0;
	else
		res = f1;
	return res;
}

vec3 HSLToRGB(vec3 hsl)
{
	vec3 rgb;
	if (hsl.y == 0.0)
		rgb = CAST3(hsl.z);
	else
	{
		float f2;
		if (hsl.z < 0.5)
			f2 = hsl.z * (1.0 + hsl.y);
		else
			f2 = (hsl.z + hsl.y) - (hsl.y * hsl.z);
		float f1= 2.0 * hsl.z - f2;
		rgb.r = HueToRGB(f1, f2, hsl.x + (1.0/3.0));
		rgb.g = HueToRGB(f1, f2, hsl.x);
		rgb.b= HueToRGB(f1, f2, hsl.x - (1.0/3.0));
	}
	
	return rgb;
}

vec3 ContrastSaturationBrightness(vec3 color, float brt, float sat, float con)
{
	const float AvgLumR= 0.5;
	const float AvgLumG= 0.5;
	const float AvgLumB= 0.5;
	
	const vec3 LumCoeff= vec3(0.2125, 0.7154, 0.0721);
	
	vec3 AvgLumin= vec3(AvgLumR, AvgLumG, AvgLumB);
	vec3 brtColor= color * brt;
	vec3 intensity= CAST3(dot(brtColor, LumCoeff));
	vec3 satColor= mix(intensity, brtColor, sat);
	vec3 conColor= mix(AvgLumin, satColor, con);
	return conColor;
}

#define BlendLinearDodgef(base, blend) (base + blend)
#define BlendLinearBurnf(base, blend) max(base + blend - 1.0, 0.0)
#define BlendLightenf(base, blend) max(blend, base)
#define BlendDarkenf(base, blend) min(blend, base)
#define BlendLinearLightf(base, blend) (blend < 0.5 ? BlendLinearBurnf(base, (2.0 * blend)) : BlendLinearDodgef(base, (2.0 * (blend - 0.5))))
#define BlendScreenf(base, blend) (1.0 - ((1.0 - base) * (1.0 - blend)))
#define BlendOverlayf(base, blend) (base < 0.5 ? (2.0 * base * blend) : (1.0 - 2.0 * (1.0 - base) * (1.0 - blend)))
#define BlendSoftLightf(base, blend) ((blend < 0.5) ? (2.0 * base * blend + base * base * (1.0 - 2.0 * blend)) : (sqrt(base) * (2.0 * blend - 1.0) + 2.0 * base * (1.0 - blend)))
#define BlendColorDodgef(base, blend) ((blend == 1.0) ? blend : min(base / (1.0 - blend), 1.0))
#define BlendColorBurnf(base, blend) ((blend == 0.0) ? blend : max((1.0 - ((1.0 - base) / blend)), 0.0))
#define BlendVividLightf(base, blend) ((blend < 0.5) ? BlendColorBurnf(base, (2.0 * blend)) : BlendColorDodgef(base, (2.0 * (blend - 0.5))))
#define BlendPinLightf(base, blend) ((blend < 0.5) ? BlendDarkenf(base, (2.0 * blend)) : BlendLightenf(base, (2.0 *(blend - 0.5))))
#define BlendHardMixf(base, blend) ((BlendVividLightf(base, blend) < 0.5) ? 0.0 : 1.0)
#define BlendReflectf(base, blend) ((blend == 1.0) ? blend : min(base * base / (1.0 - blend), 1.0))
#define BlendNormal(base, blend) (blend)
#define BlendLighten BlendLightenf
#define BlendDarken	 BlendDarkenf
#define BlendMultiply(base, blend) (base * blend)
#define BlendAverage(base, blend) ((base + blend) / 2.0)
#define BlendAdd(base, blend) min(base + blend, CAST3(1.0))
#define BlendSubstract(base, blend) max(base + blend - CAST3(1.0), CAST3(0.0))
#define BlendDifference(base, blend) abs(base - blend)
#define BlendNegation(base, blend) (CAST3(1.0) - abs(CAST3(1.0) - base - blend))
#define BlendExclusion(base, blend) (base + blend - 2.0 * base * blend)
#define BlendScreen(base, blend) vec3(BlendScreenf(base.r, blend.r), BlendScreenf(base.g, blend.g), BlendScreenf(base.b, blend.b))
#define BlendOverlay(base, blend) vec3(BlendOverlayf(base.r, blend.r), BlendOverlayf(base.g, blend.g), BlendOverlayf(base.b, blend.b))
#define BlendSoftLight(base, blend) vec3(BlendSoftLightf(base.r, blend.r), BlendSoftLightf(base.g, blend.g), BlendSoftLightf(base.b, blend.b))
#define BlendHardLight(base, blend) BlendOverlay(blend, base)
#define BlendColorDodge(base, blend) vec3(BlendColorDodgef(base.r, blend.r), BlendColorDodgef(base.g, blend.g), BlendColorDodgef(base.b, blend.b))
#define BlendColorBurn(base, blend) vec3(BlendColorBurnf(base.r, blend.r), BlendColorBurnf(base.g, blend.g), BlendColorBurnf(base.b, blend.b))
#define BlendLinearLight(base, blend) vec3(BlendLinearLightf(base.r, blend.r), BlendLinearLightf(base.g, blend.g), BlendLinearLightf(base.b, blend.b))
#define BlendVividLight(base, blend) vec3(BlendVividLightf(base.r, blend.r), BlendVividLightf(base.g, blend.g), BlendVividLightf(base.b, blend.b))
#define BlendPinLight(base, blend) vec3(BlendPinLightf(base.r, blend.r), BlendPinLightf(base.g, blend.g), BlendPinLightf(base.b, blend.b))
#define BlendHardMix(base, blend) vec3(BlendHardMixf(base.r, blend.r), BlendHardMixf(base.g, blend.g), BlendHardMixf(base.b, blend.b))
#define BlendReflect(base, blend) vec3(BlendReflectf(base.r, blend.r), BlendReflectf(base.g, blend.g), BlendReflectf(base.b, blend.b))
#define BlendGlow(base, blend) BlendReflect(blend, base)
#define BlendPhoenix(base, blend) (min(base, blend) - max(base, blend) + CAST3(1.0))
#define BlendOpacity(base, blend, F, O) mix(base, F(base, blend), O)
#define BlendLinearDodge(base, blend) min(base + blend, CAST3(1.0))
#define BlendLinearBurn(base, blend) max(base + blend - CAST3(1.0), CAST3(0.0))
#define BlendTint(base, blend) (CAST3(max(base.x, max(base.y, base.z))) * blend)

vec3 BlendHue(vec3 base, vec3 blend)
{
	vec3 baseHSL= RGBToHSL(base);
	return HSLToRGB(vec3(RGBToHSL(blend).r, baseHSL.g, baseHSL.b));
}

vec3 BlendSaturation(vec3 base, vec3 blend)
{
	vec3 baseHSL= RGBToHSL(base);
	return HSLToRGB(vec3(baseHSL.r, RGBToHSL(blend).g, baseHSL.b));
}

vec3 BlendColor(vec3 base, vec3 blend)
{
	vec3 blendHSL= RGBToHSL(blend);
	return HSLToRGB(vec3(blendHSL.r, blendHSL.g, RGBToHSL(base).b));
}

vec3 BlendLuminosity(vec3 base, vec3 blend)
{
	vec3 baseHSL= RGBToHSL(base);
	return HSLToRGB(vec3(baseHSL.r, baseHSL.g, RGBToHSL(blend).b));
}

vec3 ApplyBlending(const int blendMode, in vec3 A, in vec3 B, in float opacity)
{
#if BLENDMODE == 1
	return mix(A,BlendDarken(A,B),opacity);
#endif
#if BLENDMODE == 2
	return mix(A,BlendMultiply(A,B),opacity);
#endif
#if BLENDMODE == 3
	return mix(A,BlendColorBurn(A,B),opacity);
#endif
#if BLENDMODE == 4
	return mix(A,BlendSubstract(A,B),opacity);
#endif
#if BLENDMODE == 5
	return min(A, B);
#endif
#if BLENDMODE == 6
	return mix(A,BlendLighten(A,B),opacity);
#endif
#if BLENDMODE == 7
	return mix(A,BlendScreen(A,B),opacity);
#endif
#if BLENDMODE == 8
	return mix(A,BlendColorDodge(A,B),opacity);
#endif
#if BLENDMODE == 9
	return mix(A,BlendAdd(A,B),opacity);
#endif
#if BLENDMODE == 10
	return max(A, B);
#endif
#if BLENDMODE == 11
	return mix(A,BlendOverlay(A,B),opacity);
#endif
#if BLENDMODE == 12
	return mix(A,BlendSoftLight(A,B),opacity);
#endif
#if BLENDMODE == 13
	return mix(A,BlendHardLight(A,B),opacity);
#endif
#if BLENDMODE == 14
	return mix(A,BlendVividLight(A,B),opacity);
#endif
#if BLENDMODE == 15
	return mix(A,BlendLinearLight(A,B),opacity);
#endif
#if BLENDMODE == 16
	return mix(A,BlendPinLight(A,B),opacity);
#endif
#if BLENDMODE == 17
	return mix(A,BlendHardMix(A,B),opacity);
#endif
#if BLENDMODE == 18
	return mix(A,BlendDifference(A,B),opacity);
#endif
#if BLENDMODE == 19
	return mix(A,BlendExclusion(A,B),opacity);
#endif
#if BLENDMODE == 20
	return mix(A,BlendSubstract(A,B),opacity);
#endif
#if BLENDMODE == 21
	return mix(A,BlendReflect(A,B),opacity);
#endif
#if BLENDMODE == 22
	return mix(A,BlendGlow(A,B),opacity);
#endif
#if BLENDMODE == 23
	return mix(A,BlendPhoenix(A,B),opacity);
#endif
#if BLENDMODE == 24
	return mix(A,BlendAverage(A,B),opacity);
#endif
#if BLENDMODE == 25
	return mix(A,BlendNegation(A,B),opacity);
#endif
#if BLENDMODE == 26
	return mix(A,BlendHue(A,B),opacity);
#endif
#if BLENDMODE == 27
	return mix(A,BlendSaturation(A,B),opacity);
#endif
#if BLENDMODE == 28
	return mix(A,BlendColor(A,B),opacity);
#endif
#if BLENDMODE == 29
	return mix(A,BlendLuminosity(A,B),opacity);
#endif
#if BLENDMODE == 30
	return mix(A,BlendTint(A,B),opacity);
#endif
#if BLENDMODE == 31
	return A+B*opacity;
#endif
#if BLENDMODE == 32
	return mix(A,A+A*B,opacity);
#endif
	return mix(A,BlendNormal(A,B),opacity);
}

// end of included from file common_blending.h


vec3 PerformLighting_Deprecated(vec3 worldPos, vec3 color, vec3 normal, vec3 viewVector, vec3 specularTint, vec3 ambient, float roughness, float metallic)
{
	vec3 light= CAST3(0);

#if LIGHTS_POINT
	for (uint l = 0u; l < CASTU(LIGHTS_POINT); ++l)
	{
		vec3 lightDelta= g_LPoint_Origin[l].xyz - worldPos;
		light += ComputePBRLight(normal, lightDelta, viewVector, color, g_LPoint_Color[l].rgb, ambient, roughness, metallic);
	}
#endif

#if LIGHTS_SPOT
	for (uint l = 0u; l < CASTU(LIGHTS_SPOT); ++l)
	{
		vec3 lightDelta= g_LSpot_Origin[l].xyz - worldPos;
		float spotCookie= -dot(normalize(lightDelta), g_LSpot_Direction[l].xyz);
		spotCookie = smoothstep(g_LSpot_Direction[l].w, g_LSpot_Origin[l].w, spotCookie);
		light += ComputePBRLight(normal, lightDelta, viewVector, color, g_LSpot_Color[l].rgb, ambient, roughness, metallic);
	}
#endif

#if LIGHTS_TUBE
	for (uint l = 0u; l < CASTU(LIGHTS_TUBE); ++l)
	{
		vec3 lightDelta= PointSegmentDelta(worldPos, g_LTube_OriginA[l].xyz, g_LTube_OriginB[l].xyz);
		light += ComputePBRLight(normal, lightDelta, viewVector, color, g_LTube_Color[l].rgb, ambient, roughness, metallic);
	}
#endif

#if LIGHTS_DIRECTIONAL
	for (uint l = 0u; l < CASTU(LIGHTS_DIRECTIONAL); ++l)
	{
		light += ComputePBRLight(normal, g_LDirectional_Direction[l].xyz, viewVector, color, g_LDirectional_Color[l].rgb, ambient, roughness, metallic);
	}
#endif

	return light;
}

#else

vec3 PerformLighting_Deprecated(vec3 worldPos, vec3 color, vec3 normal, vec3 viewVector, vec3 specularTint, vec3 ambient, float roughness, float metallic)
{
	vec3 light= CAST3(0);

#if LIGHTS_POINT
	for (uint l = 0u; l < CASTU(LIGHTS_POINT); ++l)
	{
		vec3 lightDelta= g_LPoint_Origin[l].xyz - worldPos;
		light += ComputePBRLight(normal, lightDelta, viewVector, color, g_LPoint_Color[l].rgb * g_LPoint_Color[l].w * g_LPoint_Color[l].w, ambient, roughness, metallic);
	}
#endif

#if LIGHTS_SPOT
	for (uint l = 0u; l < CASTU(LIGHTS_SPOT); ++l)
	{
		vec3 lightDelta= g_LSpot_Origin[l].xyz - worldPos;
		float spotCookie= -dot(normalize(lightDelta), g_LSpot_Direction[l].xyz);
		spotCookie = smoothstep(g_LSpot_Direction[l].w, g_LSpot_Origin[l].w, spotCookie);
		light += ComputePBRLight(normal, lightDelta, viewVector, color, g_LSpot_Color[l].rgb * spotCookie * g_LSpot_Color[l].w * g_LSpot_Color[l].w, ambient, roughness, metallic);
	}
#endif

#if LIGHTS_TUBE
	for (uint l = 0u; l < CASTU(LIGHTS_TUBE); ++l)
	{
		vec3 lightDelta= PointSegmentDelta(worldPos, g_LTube_OriginA[l].xyz, g_LTube_OriginB[l].xyz);
		light += ComputePBRLight(normal, lightDelta, viewVector, color, g_LTube_Color[l].rgb * g_LTube_Color[l].w * g_LTube_Color[l].w, ambient, roughness, metallic);
	}
#endif

#if LIGHTS_DIRECTIONAL
	for (uint l = 0u; l < CASTU(LIGHTS_DIRECTIONAL); ++l)
	{
		light += ComputePBRLight(normal, g_LDirectional_Direction[l].xyz, viewVector, color, g_LDirectional_Color[l].rgb * g_LDirectional_Color[l].w * g_LDirectional_Color[l].w, ambient, roughness, metallic);
	}
#endif

	return light;
}

#endif
#endif

void main() {
	vec4 color= texSample2D(g_Texture0, v_TexCoord.xy) * g_Color4;

#if LIGHTING || REFLECTION
	float metallic= g_Metallic;
	float roughness= g_Roughness;

#if PBRMASKS
	vec4 componentMaps= texSample2D(g_Texture2, v_TexCoord.zw);
#endif

#if METALLIC_MAP
	metallic = componentMaps.x;
#endif

#if ROUGHNESS_MAP
	roug
AV: 00:00:10 / 00:01:32 (11%) A-V:  0.000 Dropped: 1
AV: 00:00:10 / 00:01:32 (11%) A-V:  0.000 Dropped: 1
AV: 00:00:10 / 00:01:32 (12%) A-V:  0.000 Dropped: 1
AV: 00:00:10 / 00:01:32 (12%) A-V:  0.000 Dropped: 1
AV: 00:00:11 / 00:01:32 (12%) A-V:  0.000 Dropped: 1
AV: 00:00:11 / 00:01:32 (12%) A-V:  0.000 Dropped: 1
AV: 00:00:11 / 00:01:32 (13%) A-V:  0.000 Dropped: 1
AV: 00:00:11 / 00:01:32 (13%) A-V:  0.000 Dropped: 1
AV: 00:00:12 / 00:01:32 (13%) A-V:  0.000 Dropped: 1
AV: 00:00:12 / 00:01:32 (13%) A-V:  0.000 Dropped: 1Stop requested
zedViewVector= normalize(v_ViewDir.xyz);
#endif
	
#if NORMALMAP
	mat3 tangentSpace= mat3(v_Tangent, v_Bitangent, v_Nor
AV: 00:00:19 / 00:01:32 (22%) A-V:  0.000 Dropped: 5
AV: 00:00:19 / 00:01:32 (22%) A-V:  0.000 Dropped: 5
AV: 00:00:19 / 00:01:32 (22%) A-V:  0.000 Dropped: 6
AV: 00:00:19 / 00:01:32 (22%) A-V:  0.000 Dropped: 6
AV: 00:00:20 / 00:01:32 (22%) A-V:  0.000 Dropped: 6
AV: 00:00:20 / 00:01:32 (22%) A-V:  0.000 Dropped: 6
AV: 00:00:20 / 00:01:32 (23%) A-V:  0.000 Dropped: 6
AV: 00:00:20 / 00:01:32 (23%) A-V:  0.000 Dropped: 6
AV: 00:00:21 / 00:01:32 (23%) A-V:  0.000 Dropped: 6
AV: 00:00:21 / 00:01:32 (23%) A-V:  0.000 Dropped: 6
AV: 00:00:21 / 00:01:32 (24%) A-V:  0.000 Dropped: 6
AV: 00:00:21 / 00:01:32 (24%) A-V:  0.000 Dropped: 6
AV: 00:00:22 / 00:01:32 (24%) A-V:  0.000 Dropped: 6
AV: 00:00:22 / 00:01:32 (24%) A-V:  0.000 Dropped: 6Stop requested
ec2 tangent= normalize(v_Tangent.xy);
	vec2 bitangent= normalize(v_Bitangent.xy);

	float fresnelTerm= max(0.001, dot(normal, normalizedViewVector));
	normal = normalize(mul(normal, CAST3X3(g_ViewProjectionMatrix)));

#ifdef HLSL
	normal.y = -normal.y;
#endif

#if PLATFORM_ANDROID
	normal.xy = normal.xy * vec2(0.25 / g_Screen.z, 0.25);
#else
	// Make consistent on X since the width is usually more variable (multi monitors) - bad for phones tho
	normal.xy = normal.xy * vec2(0.15, 0.15 * g_Screen.z);
#endif
	//screenUV += normal * fresnelTerm;
	screenUV += normal.xy * pow(fresnelTerm, 4.0) * 4;

	vec3 reflectionColor= texSample2DLod(g_Texture3, screenUV, roughness * g_Texture3MipMapInfo).rgb;
	reflectionColor = reflectionColor * (1.0 - fresnelTerm) * reflectivity;
	reflectionColor = pow(max(CAST3(0.001), reflectionColor), CAST3(2.0 - metallic));

	color.rgb += saturate(reflectionColor) * fresnelTerm;
	//color.rgb = mix(color.rgb, vec3(screenUV, 0), 0.99);
#endif

#if HDR && (LIGHTING || REFLECTION) && EMISSIVE_MAP
	float emissiveOverbright= max(0.0, componentMaps.a * (g_EmissiveBrightness - 1.0));
	color.rgb += g_EmissiveColor * color.rgb * emissiveOverbright;
#endif

#if MORPHING || SKINNING_ALPHA
	color.a *= v_VertexAlpha;
#endif

#if VERTEXCOLOR
	color *= v_Color;
#endif

	out_FragColor = color;

#if BLENDMODE
	vec4 screen= texSample2D(g_Texture4, screenUV);
	out_FragColor.rgb = ApplyBlending(BLENDMODE, screen.rgb, out_FragColor.rgb, out_FragColor.a);
	out_FragColor.a = screen.a;
#endif

#if ALPHATOCOVERAGE
	out_FragColor.a = (out_FragColor.a - 0.5) / max(fwidth(out_FragColor.a), 0.0001) + 0.5;
#if GLSL
	if (out_FragColor.a < 0.5) discard;
#endif
#endif
}

Cannot setup image Lens Flare
Resorting to default value as type "options" is unknown
Resorting to default value as type "imageblending" is unknown
Resorting to default value as type "options" is unknown
Resorting to default value as type "options" is unknown
Resorting to default value as type "options" is unknown
Resorting to default value as type "options" is unknown
0:77(25): error: initializer of const variable `userBalance' must be a constant expression

Compiled source code:
#version 330
// ======================================================
// Processed shader workshop/2799421411/effects/audio_responsive_oscilloscope
// ======================================================
precision highp float;
#define mul(x, y) ((y) * (x))
#define max(x, y) max (y, x)
#define lerp mix
#define frac fract
#define CAST2(x) (vec2(x))
#define CAST3(x) (vec3(x))
#define CAST4(x) (vec4(x))
#define CAST3X3(x) (mat3(x))
#define saturate(x) (clamp(x, 0.0, 1.0))
#define texSample2D texture
#define texSample2DLod textureLod
#define atan2 atan
#define fmod(x, y) ((x)-(y)*trunc((x)/(y)))
#define ddx dFdx
#define ddy(x) dFdy(-(x))
#define GLSL 1

#define attribute in
#define varying out
// ======================================================
// Shader combo parameter definitions
// ======================================================
// found combos from current shader
#define AUDIOTHICKNESS 1
#define BLENDMODE 31
#define EQUALIZE 1
#define FLOW 0
#define GLOW 1
#define MOVE 1
#define RESOLUTION 32
#define SHAPE 1
#define TRANSPARENCY 0
#define WRITEALPHA 0
// combos from pass
// [COMBO] {"material":"Frequency resolution","combo":"RESOLUTION","type":"options","default":32,"options":{"16":16,"32":32,"64":64}}

// [COMBO] {"material":"Equalize","combo":"EQUALIZE","type":"options","default":0}


uniform mat4 g_ModelViewProjectionMatrix;

attribute vec3 a_Position;
attribute vec2 a_TexCoord;

uniform float g_Time;
uniform float u_scope; // {"material":"Scope","default":3,"int":true,"range":[1,5],"group":"Audio signal"}
uniform float u_ampExponent; // {"material":"Amplitude exponent","default":1,"range":[0,2],"group":"Audio signal"}
uniform float u_FreqBalance; // {"material":"Bass-treble balance","default":0.5,"range":[0,1],"group":"Equalizers"}
uniform float u_LRBalance; // {"material":"Left-right balance","default":0,"range":[-1,1],"group":"Equalizers"}

#if RESOLUTION == 16
uniform float g_AudioSpectrum16Left[16];
uniform float g_AudioSpectrum16Right[16];
#endif
#if RESOLUTION == 32
uniform float g_AudioSpectrum32Left[32];
uniform float g_AudioSpectrum32Right[32];
#endif

#if EQUALIZE
#define freqBalance u_FreqBalance
#else
#define leftBalance 0.5
#define rightBalance 0.5
#define freqBalance 0.5
#endif

varying vec2 v_TexCoord;
#if RESOLUTION != 64
varying float audioValue[RESOLUTION];
const float resolution= float(RESOLUTION);
const vec2 userBalance= vec2((resolution / 2.0) - ((0.01 + freqBalance) / 2.0 * (resolution / 2.0)), (0.01 + freqBalance) / 2.0 * (resolution / 2.0));
#define highBalance(f) (1.0 + pow(f / userBalance.x, 2.0)) / (1.0 + pow(f / userBalance.y, 2.0))
const float lowBalanceMultipier= pow(userBalance.x / userBalance.y, 2.0);
#endif





void main() {

#if EQUALIZE
  float leftBalance= (1.0 - u_LRBalance) * 0.5;
  float rightBalance= (1.0 + u_LRBalance) * 0.5;
#endif

#if RESOLUTION == 16
#define avg(f) float(g_AudioSpectrum16Left[f] * leftBalance + g_AudioSpectrum16Right[f] * rightBalance) //Gets the amplitude equalized left-right
#endif
#if RESOLUTION == 32
#define avg(f) float(g_AudioSpectrum32Left[f] * leftBalance + g_AudioSpectrum32Right[f] * rightBalance) //Gets the amplitude equalized left-right
#endif

#if RESOLUTION != 64 //Resolution 64 cannot be calculated in the vert because the audio array is too big to be passed to the frag
	float amplitude, balance, balance0, balance1;

    for (int i = 0; i < RESOLUTION; i++){
      amplitude = avg(i); //The amplitude of the wave
      
      balance1 = highBalance(float(i)); //Gets the multiplier value for treble balance
      balance0 = lowBalanceMultipier * balance1; //Gets the multiplier value for bass balance
      balance = sqrt(balance0) * sqrt(balance1); //Multiplier for the combined balances

      audioValue[i] = pow(balance * amplitude, u_ampExponent + 0.01);
    }
#endif

	gl_Position = mul(vec4(a_Position, 1.0), g_ModelViewProjectionMatrix);
	v_TexCoord = a_TexCoord;
}
Cannot setup image Audio Visualizer
Cannot find FBO _rt_shadowAtlas
Cannot resolve texture _rt_shadowAtlas for fragment shader Cannot find FBO _rt_shadowAtlas
Cannot find FBO _alias_lightCookie
Cannot resolve texture _alias_lightCookie for fragment shader Cannot find FBO _alias_lightCookie
Resorting to default value as type "options" is unknown
Resorting to default value as type "options" is unknown
Resorting to default value as type "options" is unknown
Resorting to default value as type "options" is unknown
Resorting to default value as type "options" is unknown
Resorting to default value as type "options" is unknown
Resorting to default value as type "options" is unknown
Resorting to default value as type "options" is unknown
Resorting to default value as type "audioprocessingoptions" is unknown
Resorting to default value as type "imageblending" is unknown
Resorting to default value as type "options" is unknown
Resorting to default value as type "options" is unknown
Cannot find FBO _rt_shadowAtlas
Cannot resolve texture _rt_shadowAtlas for fragment shader Cannot find FBO _rt_shadowAtlas
Cannot find FBO _alias_lightCookie
Cannot resolve texture _alias_lightCookie for fragment shader Cannot find FBO _alias_lightCookie
Resorting to default value as type "options" is unknown
Resorting to default value as type "options" is unknown
Resorting to default value as type "options" is unknown
Resorting to default value as type "imageblending" is unknown
Resorting to default value as type "options" is unknown
Resorting to default value as type "options" is unknown
Resorting to default value as type "options" is unknown
Resorting to default value as type "options" is unknown
Resorting to default value as type "options" is unknown
Resorting to default value as type "imageblending" is unknown
Resorting to default value as type "options" is unknown
Resorting to default value as type "options" is unknown
Cannot find FBO _rt_shadowAtlas
Cannot resolve texture _rt_shadowAtlas for fragment shader Cannot find FBO _rt_shadowAtlas
Cannot find FBO _alias_lightCookie
Cannot resolve texture _alias_lightCookie for fragment shader Cannot find FBO _alias_lightCookie
0:751(22): error: no function with name 'ApplyBlending'

Compiled source code:
#version 330
// ======================================================
// Processed shader genericimage3
// ======================================================
precision highp float;
#define mul(x, y) ((y) * (x))
#define max(x, y) max (y, x)
#define lerp mix
#define frac fract
#define CAST2(x) (vec2(x))
#define CAST3(x) (vec3(x))
#define CAST4(x) (vec4(x))
#define CAST3X3(x) (mat3(x))
#define saturate(x) (clamp(x, 0.0, 1.0))
#define texSample2D texture
#define texSample2DLod textureLod
#define atan2 atan
#define fmod(x, y) ((x)-(y)*trunc((x)/(y)))
#define ddx dFdx
#define ddy(x) dFdy(-(x))
#define GLSL 1

out vec4 out_FragColor;
#define varying in
// ======================================================
// Shader combo parameter definitions
// ======================================================
// found combos from current shader
#define LIGHTING 0
#define REFLECTION 0
// combos from pass
#define BLENDMODE 31

// [COMBO] {"material":"ui_editor_properties_lighting","combo":"LIGHTING","default":0}

// [COMBO] {"material":"ui_editor_properties_reflection","combo":"REFLECTION","default":0}





uniform sampler2D g_Texture0; // {"label":"ui_editor_properties_albedo","nonremovable":true}

uniform mat4 g_ViewProjectionMatrix;
uniform vec4 g_Color4;

#if VERTEXCOLOR
varying vec4 v_Color;
#endif

#if PBRMASKS
varying vec4 v_TexCoord;
#else
varying vec2 v_TexCoord;
#endif

#if LIGHTING || REFLECTION
uniform sampler2D g_Texture1; // {"label":"ui_editor_properties_normal_map","combo":"NORMALMAP","format":"rg88","formatcombo":true,"mode":"normal","requireany":true,"require":{"LIGHTING":1,"REFLECTION":1}}
uniform sampler2D g_Texture2; // {"combo":"PBRMASKS","mode":"opacitymask","paintdefaultcolor":"0 0 0 1","components":[{"label":"ui_editor_properties_metallic_map","combo":"METALLIC_MAP"},{"label":"ui_editor_properties_roughness_map","combo":"ROUGHNESS_MAP"},{"label":"ui_editor_properties_reflection_map","combo":"REFLECTION_MAP"},{"label":"ui_editor_properties_emissive_map","combo":"EMISSIVE_MAP"}],"requireany":true,"require":{"LIGHTING":1,"REFLECTION":1}}
uniform float g_Roughness; // {"material":"roughness","label":"ui_editor_properties_roughness","default":0.7,"range":[0,1],"group":"ui_editor_properties_material","nobindings":true}
uniform float g_Metallic; // {"material":"metallic","label":"ui_editor_properties_metallic","default":0,"range":[0,1],"group":"ui_editor_properties_material","nobindings":true}
uniform vec3 g_SpecularTint; // {"material":"speculartint","label":"ui_editor_properties_specular_tint","type":"color","default":"1 1 1","group":"ui_editor_properties_material"}

uniform vec3 g_EmissiveColor; // {"material":"emissivecolor", "label":"ui_editor_properties_emissive_color", "type": "color", "default":"1 1 1","group":"ui_editor_properties_material"}
uniform float g_EmissiveBrightness; // {"material":"emissivebrightness", "label":"ui_editor_properties_emissive_brightness", "default":1.0,"range":[0,10],"group":"ui_editor_properties_material"}
#endif

#if LIGHTING
uniform vec3 g_LightAmbientColor;
#endif

#if LIGHTING || REFLECTION
varying vec4 v_ViewDir;
varying vec3 v_Normal;
varying vec3 v_Tangent;
varying vec3 v_Bitangent;
varying vec3 v_WorldPos;
#if NORMALMAP == 0
varying vec3 v_WorldNormal;
#endif
#endif

#if REFLECTION && NORMALMAP
uniform vec3 g_Screen;
uniform sampler2D g_Texture3; // {"hidden":true,"default":"_rt_MipMappedFrameBuffer"}
uniform float g_Reflectivity; // {"material":"reflectivity","label":"ui_editor_properties_reflectivity","default":1,"range":[0,1],"group":"ui_editor_properties_material","nobindings":true}
uniform float g_Texture3MipMapInfo;
#endif

#if REFLECTION && NORMALMAP || BLENDMODE
varying vec3 v_ScreenPos;
#endif

#if BLENDMODE
uniform sampler2D g_Texture4; // {"hidden":true,"default":"_rt_FullFrameBuffer"}
#endif

#if MORPHING || SKINNING_ALPHA
varying float v_VertexAlpha;
#endif

#if LIGHTS_POINT
uniform vec4 g_LPoint_Color[LIGHTS_POINT];
uniform vec4 g_LPoint_Origin[LIGHTS_POINT];
#endif
#if LIGHTS_SPOT
uniform vec4 g_LSpot_Color[LIGHTS_SPOT];
uniform vec4 g_LSpot_Origin[LIGHTS_SPOT];
uniform vec4 g_LSpot_Direction[LIGHTS_SPOT];
#endif
#if LIGHTS_TUBE
uniform vec4 g_LTube_Color[LIGHTS_TUBE];
uniform vec4 g_LTube_OriginA[LIGHTS_TUBE];
uniform vec4 g_LTube_OriginB[LIGHTS_TUBE];
#endif
#if LIGHTS_DIRECTIONAL
uniform vec4 g_LDirectional_Color[LIGHTS_DIRECTIONAL];
uniform vec4 g_LDirectional_Direction[LIGHTS_DIRECTIONAL];
#endif

#if LIGHTING
#if SHADERVERSION < 62
// DEPRECATION BSSSSS


// begin of included from file common_pbr.h

// begin of include from file common.h

#define M_PI 3.14159265359
#define M_PI_HALF 1.57079632679
#define M_PI_2 6.28318530718

#define SQRT_2 1.41421356237
#define SQRT_3 1.73205080756





vec3 hsv2rgb(vec3 c)
{
	vec4 K= vec4(1.0, 2.0 / 3.0, 1.0 / 3.0, 3.0);
	vec3 p= abs(frac(c.xxx + K.xyz) * 6.0 - K.www);
	return c.z * mix(K.xxx, clamp(p - K.xxx, 0.0, 1.0), c.y);
}

vec3 rgb2hsv(vec3 RGB)
{
	vec4 P= (RGB.g < RGB.b) ? vec4(RGB.bg, -1.0, 2.0/3.0) : vec4(RGB.gb, 0.0, -1.0/3.0);
	vec4 Q= (RGB.r < P.x) ? vec4(P.xyw, RGB.r) : vec4(RGB.r, P.yzx);
	float C= Q.x - min(Q.w, Q.y);
	float H= abs((Q.w - Q.y) / (6.0 * C + 1e-10) + Q.z);

	vec3 HCV= vec3(H, C, Q.x);
	float S= HCV.y / (HCV.z + 1e-10);
	return vec3(HCV.x, S, HCV.z);
}

vec2 rotateVec2(vec2 v, float r)
{
	vec2 cs= vec2(cos(r), sin(r));
	return vec2(v.x * cs.x - v.y * cs.y, v.x * cs.y + v.y * cs.x);
}

float greyscale(vec3 color)
{
	return dot(color, vec3(0.11, 0.59, 0.3));
}

// end of included from file common.h






vec3 FresnelSchlick(float lightTheta, vec3 baseReflectance)
{
	return baseReflectance + (1.0 - baseReflectance) * pow(max(1.0 - lightTheta, 0.001), 5.0);
}

vec3 PointSegmentDelta(vec3 pos, vec3 segmentA, vec3 segmentB)
{
	vec3 delta= segmentB - segmentA;
	float v= dot(delta, delta);
	if (v == 0.0)
		return segmentA - pos;
	return segmentA + saturate(dot(pos - segmentA, segmentB - segmentA) / v) * (segmentB - segmentA) - pos;
}

float Distribution_GGX(vec3 N, vec3 H, float roughness)
{
	float rSqr= roughness * roughness;
	float rSqr2= rSqr * rSqr;
	float NH= max(dot(N, H), 0.0);
	float denominator= (NH * NH * (rSqr2 - 1.0) + 1.0);
	return rSqr2 / (M_PI * denominator * denominator);
}

float Schlick_GGX(float NV, float roughness)
{
	float roughnessBase= roughness + 1.0;
	float roughnessScaled= (roughnessBase * roughnessBase) / 8.0;
	return NV / (NV * (1.0 - roughnessScaled) + roughnessScaled);
}

float GeoSmith(vec3 N, vec3 V, vec3 L, float roughness)
{
	return Schlick_GGX(max(dot(N, V), 0.001), roughness) * Schlick_GGX(max(dot(N, L), 0.001), roughness);
}

// L = worldToLightVector, N = normalVector, V = worldToViewVector
vec3 ComputePBRLight(vec3 N, vec3 L, vec3 V,
	vec3 albedo, vec3 lightColor, vec3 baseReflectance, float roughness, float metallic)
{
	float distance= length(L);
	L = L / distance;
	vec3 H= normalize(V + L);

	float NDF= Distribution_GGX(N, H, roughness);
	float G= GeoSmith(N, V, L, roughness);
	vec3 F= FresnelSchlick(max(dot(H, V), 0.0), baseReflectance);
	vec3 numerator= NDF * G * F;

	float dNL= dot(N, L);

#ifdef GRADIENT_SAMPLER
	vec3 NL= CAST3(max(dNL * 0.5 + 0.5, 0.0));
#if TEX4FORMAT == FORMAT_R8 || TEX4FORMAT == FORMAT_RG88
	NL = texSample2D(GRADIENT_SAMPLER, vec2(NL.x, 0.0)).rrr;
#else
	NL = texSample2D(GRADIENT_SAMPLER, vec2(NL.x, 0.0)).rgb;
#endif

#if RIMLIGHTING
	float rimTerm= 1.0 - max(dot(N, V), 0.0);
	rimTerm = pow(rimTerm, RIM_LIGHTING_EXPONENT) * RIM_LIGHTING_AMOUNT * NL.x * step(0.01, lightColor.x + lightColor.y + lightColor.z);
	NL = max(NL, CAST3(rimTerm));
	metallic -= saturate(rimTerm);
#endif
	vec3 denominator= 4.0 * max(dot(N, V), 0.0) * NL;
	vec3 specular= numerator / max(denominator, CAST3(0.001));
#else
	float NL= max(dNL, 0.0);

#if RIMLIGHTING
	float rimTerm= 1.0 - max(dot(N, V), 0.0);
	rimTerm = pow(rimTerm, RIM_LIGHTING_EXPONENT) * RIM_LIGHTING_AMOUNT * NL * step(0.01, lightColor.x + lightColor.y + lightColor.z);
	NL = max(NL, rimTerm);
	metallic -= saturate(rimTerm);
#endif
	float denominator= 4.0 * max(dot(N, V), 0.0) * NL;
	vec3 specular= numerator / max(denominator, 0.001);
#endif

	vec3 diffuse= (1.0 - metallic) * (CAST3(1.0) - F);
	vec3 radiance= lightColor.xyz / (distance * distance);
	return (diffuse * albedo / M_PI + specular) * radiance * NL;
}

vec3 CombineLighting(vec3 light, vec3 ambient)
{
#if HDR
	float l
AV: 00:01:20 / 00:01:32 (87%) A-V:  0.000 Dropped: 22
AV: 00:01:20 / 00:01:32 (87%) A-V:  0.000 Dropped: 22
AV: 00:01:20 / 00:01:32 (87%) A-V:  0.002 Dropped: 22
AV: 00:01:20 / 00:01:32 (87%) A-V:  0.000 Dropped: 22
AV: 00:01:20 / 00:01:32 (87%) A-V:  0.002 Dropped: 22
AV: 00:01:20 / 00:01:32 (87%) A-V:  0.000 Dropped: 22
AV: 00:01:20 / 00:01:32 (87%) A-V:  0.000 Dropped: 23
AV: 00:01:20 / 00:01:32 (87%) A-V:  0.000 Dropped: 23
AV: 00:01:20 / 00:01:32 (88%) A-V:  0.000 Dropped: 23
AV: 00:01:20 / 00:01:32 (88%) A-V:  0.000 Dropped: 23
AV: 00:01:21 / 00:01:32 (88%) A-V:  0.000 Dropped: 23
AV: 00:01:21 / 00:01:32 (88%) A-V:  0.000 Dropped: 23
AV: 00:01:21 / 00:01:32 (89%) A-V:  0.000 Dropped: 23
AV: 00:01:21 / 00:01:32 (89%) A-V:  0.000 Dropped: 23
AV: 00:01:22 / 00:01:32 (89%) A-V:  0.000 Dropped: 23
AV: 00:01:22 / 00:01:32 (89%) A-V:  0.000 Dropped: 23Stop requested
lse
			hsl.y = delta / (2.0 - fmax - fmin);
		float deltaR= (((fmax - color.r) / 6.0) + (delta / 2.0)) / delta;
		float deltaG= (((fmax - color.g) / 6.0) + (delta / 2.0)) / delta;
		float deltaB= (((fmax - color.b) / 6.0) + (delta / 2.0)) / delta;
		if (color.r == fmax )
			hsl.x = deltaB - deltaG;
		else if (color.g == fmax)
			hsl.x = (1.0 / 3.0) + deltaR - deltaB;
		else if (color.b == fmax)
			hsl.x = (2.0 / 3.0) + deltaG - deltaR;

		if (hsl.x < 0.0)
			hsl.x += 1.0;
		else if (hsl.x > 1.0)
			hsl.x -= 1.0;
	}

	return hsl;
}

float HueToRGB(float f1, float f2, float hue)
{
	if (hue < 0.0)
		hue += 1.0;
	else if (hue > 1.0)
		hue -= 1.0;
	float res;
	if ((6.0 * hue) < 1.0)
		res = f1 + (f2 - f1) * 6.0 * hue;
	else if ((2.0 * hue) < 1.0)
		res = f2;
	else if ((3.0 * hue) < 2.0)
		res = f1 + (f2 - f1) * ((2.0 / 3.0) - hue) * 6.0;
	else
		res = f1;
	return res;
}

vec3 HSLToRGB(vec3 hsl)
{
	vec3 rgb;
	if (hsl.y == 0.0)
		rgb = CAST3(hsl.z);
	else
	{
		float f2;
		if (hsl.z < 0.5)
			f2 = hsl.z * (1.0 + hsl.y);
		else
			f2 = (hsl.z + hsl.y) - (hsl.y * hsl.z);
		float f1= 2.0 * hsl.z - f2;
		rgb.r = HueToRGB(f1, f2, hsl.x + (1.0/3.0));
		rgb.g = HueToRGB(f1, f2, hsl.x);
		rgb.b= HueToRGB(f1, f2, hsl.x - (1.0/3.0));
	}
	
	return rgb;
}

vec3 ContrastSaturationBrightness(vec3 color, float brt, float sat, float con)
{
	const float AvgLumR= 0.5;
	const float AvgLumG= 0.5;
	const float AvgLumB= 0.5;
	
	const vec3 LumCoeff= vec3(0.2125, 0.7154, 0.0721);
	
	vec3 AvgLumin= vec3(AvgLumR, AvgLumG, AvgLumB);
	vec3 brtColor= color * brt;
	vec3 intensity= CAST3(dot(brtColor, LumCoeff));
	vec3 satColor= mix(intensity, brtColor, sat);
	vec3 conColor= mix(AvgLumin, satColor, con);
	return conColor;
}

#define BlendLinearDodgef(base, blend) (base + blend)
#define BlendLinearBurnf(base, blend) max(base + blend - 1.0, 0.0)
#define BlendLightenf(base, blend) max(blend, base)
#define BlendDarkenf(base, blend) min(blend, base)
#define BlendLinearLightf(base, blend) (blend < 0.5 ? BlendLinearBurnf(base, (2.0 * blend)) : BlendLinearDodgef(base, (2.0 * (blend - 0.5))))
#define BlendScreenf(base, blend) (1.0 - ((1.0 - base) * (1.0 - blend)))
#define BlendOverlayf(base, blend) (base < 0.5 ? (2.0 * base * blend) : (1.0 - 2.0 * (1.0 - base) * (1.0 - blend)))
#define BlendSoftLightf(base, blend) ((blend < 0.5) ? (2.0 * base * blend + base * base * (1.0 - 2.0 * blend)) : (sqrt(base) * (2.0 * blend - 1.0) + 2.0 * base * (1.0 - blend)))
#define BlendColorDodgef(base, blend) ((blend == 1.0) ? blend : min(base / (1.0 - blend), 1.0))
#define BlendColorBurnf(base, blend) ((blend == 0.0) ? blend : max((1.0 - ((1.0 - base) / blend)), 0.0))
#define BlendVividLightf(base, blend) ((blend < 0.5) ? BlendColorBurnf(base, (2.0 * blend)) : BlendColorDodgef(base, (2.0 * (blend - 0.5))))
#define BlendPinLightf(base, blend) ((blend < 0.5) ? BlendDarkenf(base, (2.0 * blend)) : BlendLightenf(base, (2.0 *(blend - 0.5))))
#define BlendHardMixf(base, blend) ((BlendVividLightf(base, blend) < 0.5) ? 0.0 : 1.0)
#define BlendReflectf(base, blend) ((blend == 1.0) ? blend : min(base * base / (1.0 - blend), 1.0))
#define BlendNormal(base, blend) (blend)
#define BlendLighten BlendLightenf
#define BlendDarken	 BlendDarkenf
#define BlendMultiply(base, blend) (base * blend)
#define BlendAverage(base, blend) ((base + blend) / 2.0)
#define BlendAdd(base, blend) min(base + blend, CAST3(1.0))
#define BlendSubstract(base, blend) max(base + blend - CAST3(1.0), CAST3(0.0))
#define BlendDifference(base, blend) abs(base - blend)
#define BlendNegation(base, blend) (CAST3(1.0) - abs(CAST3(1.0) - base - blend))
#define BlendExclusion(base, blend) (base + blend - 2.0 * base * blend)
#define BlendScreen(base, blend) vec3(BlendScreenf(base.r, blend.r), BlendScreenf(base.g, blend.g), BlendScreenf(base.b, blend.b))
#define BlendOverlay(base, blend) vec3(BlendOverlayf(base.r, blend.r), BlendOverlayf(base.g, blend.g), BlendOverlayf(base.b, blend.b))
#define BlendSoftLight(base, blend) vec3(BlendSoftLightf(base.r, blend.r), BlendSoftLightf(base.g, blend.g), BlendSoftLightf(base.b, blend.b))
#define BlendHardLight(base, blend) BlendOverlay(blend, base)
#define BlendColorDodge(base, blend) vec3(BlendColorDodgef(base.r, blend.r), BlendColorDodgef(base.g, blend.g), BlendColorDodgef(base.b, blend.b))
#define BlendColorBurn(base, blend) vec3(BlendColorBurnf(base.r, blend.r), BlendColorBurnf(base.g, blend.g), BlendColorBurnf(base.b, blend.b))
#define BlendLinearLight(base, blend) vec3(BlendLinearLightf(base.r, blend.r), BlendLinearLightf(base.g, blend.g), BlendLinearLightf(base.b, blend.b))
#define BlendVividLight(base, blend) vec3(BlendVividLightf(base.r, blend.r), BlendVividLightf(base.g, blend.g), BlendVividLightf(base.b, blend.b))
#define BlendPinLight(base, blend) vec3(BlendPinLightf(base.r, blend.r), BlendPinLightf(base.g, blend.g), BlendPinLightf(base.b, blend.b))
#define BlendHardMix(base, blend) vec3(BlendHardMixf(base.r, blend.r), BlendHardMixf(base.g, blend.g), BlendHardMixf(base.b, blend.b))
#define BlendReflect(base, blend) vec3(BlendReflectf(base.r, blend.r), BlendReflectf(base.g, blend.g), BlendReflectf(base.b, blend.b))
#define BlendGlow(base, blend) BlendReflect(blend, base)
#define BlendPhoenix(base, blend) (min(base, blend) - max(base, blend) + CAST3(1.0))
#define BlendOpacity(base, blend, F, O) mix(base, F(base, blend), O)
#define BlendLinearDodge(base, blend) min(base + blend, CAST3(1.0))
#define BlendLinearBurn(base, blend) max(base + blend - CAST3(1.0), CAST3(0.0))
#define BlendTint(base, blend) (CAST3(max(base.x, max(base.y, base.z))) * blend)

vec3 BlendHue(vec3 base, vec3 blend)
{
	vec3 baseHSL= RGBToHSL(base);
	return HSLToRGB(vec3(RGBToHSL(blend).r, baseHSL.g, baseHSL.b));
}

vec3 BlendSaturation(vec3 base, vec3 blend)
{
	vec3 baseHSL= RGBToHSL(base);
	return HSLToRGB(vec3(baseHSL.r, RGBToHSL(blend).g, baseHSL.b));
}

vec3 BlendColor(vec3 base, vec3 blend)
{
	vec3 blendHSL= RGBToHSL(blend);
	return HSLToRGB(vec3(blendHSL.r, blendHSL.g, RGBToHSL(base).b));
}

vec3 BlendLuminosity(vec3 base, vec3 blend)
{
	vec3 baseHSL= RGBToHSL(base);
	return HSLToRGB(vec3(baseHSL.r, baseHSL.g, RGBToHSL(blend).b));
}

vec3 ApplyBlending(const int blendMode, in vec3 A, in vec3 B, in float opacity)
{
#if BLENDMODE == 1
	return mix(A,BlendDarken(A,B),opacity);
#endif
#if BLENDMODE == 2
	return mix(A,BlendMultiply(A,B),opacity);
#endif
#if BLENDMODE == 3
	return mix(A,BlendColorBurn(A,B),opacity);
#endif
#if BLENDMODE == 4
	return mix(A,BlendSubstract(A,B),opacity);
#endif
#if BLENDMODE == 5
	return min(A, B);
#endif
#if BLENDMODE == 6
	return mix(A,BlendLighten(A,B),opacity);
#endif
#if BLENDMODE == 7
	return mix(A,BlendScreen(A,B),opacity);
#endif
#if BLENDMODE == 8
	return mix(A,BlendColorDodge(A,B),opacity);
#endif
#if BLENDMODE == 9
	return mix(A,BlendAdd(A,B),opacity);
#endif
#if BLENDMODE == 10
	return max(A, B);
#endif
#if BLENDMODE == 11
	return mix(A,BlendOverlay(A,B),opacity);
#endif
#if BLENDMODE == 12
	return mix(A,BlendSoftLight(A,B),opacity);
#endif
#if BLENDMODE == 13
	return mix(A,BlendHardLight(A,B),opacity);
#endif
#if BLENDMODE == 14
	return mix(A,BlendVividLight(A,B),opacity);
#endif
#if BLENDMODE == 15
	return mix(A,BlendLinearLight(A,B),opacity);
#endif
#if BLENDMODE == 16
	return mix(A,BlendPinLight(A,B),opacity);
#endif
#if BLENDMODE == 17
	return mix(A,BlendHardMix(A,B),opacity);
#endif
#if BLENDMODE == 18
	return mix(A,BlendDifference(A,B),opacity);
#endif
#if BLENDMODE == 19
	return mix(A,BlendExclusion(A,B),opacity);
#endif
#if BLENDMODE == 20
	return mix(A,BlendSubstract(A,B),opacity);
#endif
#if BLENDMODE == 21
	return mix(A,BlendReflect(A,B),opacity);
#endif
#if BLENDMODE == 22
	return mix(A,BlendGlow(A,B),opacity);
#endif
#if BLENDMODE == 23
	return mix(A,BlendPhoenix(A,B),opacity);
#endif
#if BLENDMODE == 24
	return mix(A,BlendAverage(A,B),opacity);
#endif
#if BLENDMODE == 25
	return mix(A,BlendNegation(A,B),opacity);
#endif
#if BLENDMODE == 26
	return mix(A,BlendHue(A,B),opacity);
#endif
#if BLENDMODE == 27
	return mix(A,BlendSaturation(A,B),opacity);
#endif
#if BLENDMODE == 28
	return mix(A,BlendColor(A,B),opacity);
#endif
#if BLENDMODE == 29
	return mix(A,BlendLuminosity(A,B),opacity);
#endif
#if BLENDMODE == 30
	return mix(A,BlendTint(A,B),opacity);
#endif
#if BLENDMODE == 31
	return A+B*opacity;
#endif
#if BLENDMODE == 32
	return mix(A,A+A*B,opacity);
#endif
	return mix(A,BlendNormal(A,B),opacity);
}

// end of included from file common_blending.h


vec3 PerformLighting_Deprecated(vec3 worldPos, vec3 color, vec3 normal, vec3 viewVector, vec3 specularTint, vec3 ambient, float roughness, float metallic)
{
	vec3 light= CAST3(0);

#if LIGHTS_POINT
	for (uint l = 0u; l < CASTU(LIGHTS_POINT); ++l)
	{
		vec3 lightDelta= g_LPoint_Origin[l].xyz - worldPos;
		light += ComputePBRLight(normal, lightDelta, viewVector, color, g_LPoint_Color[l].rgb, ambient, roughness, metallic);
	}
#endif

#if LIGHTS_SPOT
	for (uint l = 0u; l < CASTU(LIGHTS_SPOT); ++l)
	{
		vec3 lightDelta= g_LSpot_Origin[l].xyz - worldPos;
		float spotCookie= -dot(normalize(lightDelta), g_LSpot_Direction[l].xyz);
		spotCookie = smoothstep(g_LSpot_Direction[l].w, g_LSpot_Origin[l].w, spotCookie);
		light += ComputePBRLight(normal, lightDelta, viewVector, color, g_LSpot_Color[l].rgb, ambient, roughness, metallic);
	}
#endif

#if LIGHTS_TUBE
	for (uint l = 0u; l < CASTU(LIGHTS_TUBE); ++l)
	{
		vec3 lightDelta= PointSegmentDelta(worldPos, g_LTube_OriginA[l].xyz, g_LTube_OriginB[l].xyz);
		light += ComputePBRLight(normal, lightDelta, viewVector, color, g_LTube_Color[l].rgb, ambient, roughness, metallic);
	}
#endif

#if LIGHTS_DIRECTIONAL
	for (uint l = 0u; l < CASTU(LIGHTS_DIRECTIONAL); ++l)
	{
		light += ComputePBRLight(normal, g_LDirectional_Direction[l].xyz, viewVector, color, g_LDirectional_Color[l].rgb, ambient, roughness, metallic);
	}
#endif

	return light;
}

#else

vec3 PerformLighting_Deprecated(vec3 worldPos, vec3 color, vec3 normal, vec3 viewVector, vec3 specularTint, vec3 ambient, float roughness, float metallic)
{
	vec3 light= CAST3(0);

#if LIGHTS_POINT
	for (uint l = 0u; l < CASTU(LIGHTS_POINT); ++l)
	{
		vec3 lightDelta= g_LPoint_Origin[l].xyz - worldPos;
		light += ComputePBRLight(normal, lightDelta, viewVector, color, g_LPoint_Color[l].rgb * g_LPoint_Color[l].w * g_LPoint_Color[l].w, ambient, roughness, metallic);
	}
#endif

#if LIGHTS_SPOT
	for (uint l = 0u; l < CASTU(LIGHTS_SPOT); ++l)
	{
		vec3 lightDelta= g_LSpot_Origin[l].xyz - wStop requested
at spotCookie= -dot(normalize(lightDelta), g_LSpot_Direction[l].xyz);
		spotCookie = smoothstep(g_LSpot_Direction[l].w, g_LSpot_Origin[l].w, spotCookie);
		light += ComputePBRLight(normal, lightDelta, viewVector, color, g_LSpot_Color[l].rgb * spotCookie * g_LSpot_Color[l].w * g_LSpot_Color[l].w, ambient, roughness, metallic);
	}
#endif

#if LIGHTS_TUBE
	for (uint l = 0u; l < CASTU(LIGHTS_TUBE); ++l)
	{
		vec3 lightDelta= PointSegmentDelta(worldPos, g_LTube_OriginA[l].xyz, g_LTube_OriginB[l].xyz);
		light += ComputePBRLight(normal, lightDelta, viewVector, color, g_LTube_Color[l].rgb * g_LTube_Color[l].w * g_LTube_Color[l].w, ambient, roughness, metallic);
	}
#endif

#if LIGHTS_DIRECTIONAL
	for (uint l = 0u; l < CASTU(LIGHTS_DIRECTIONAL); ++l)
	{
		light += ComputePBRLight(normal, g_LDirectional_Direction[l].xyz, viewVector, color, g_LDirectional_Color[l].rgb * g_LDirectional_Color[l].w * g_LDirectional_Color[l].w, ambient, roughness, metallic);
	}
#endif

	return light;
}

#endif
#endif

void main() {
	vec4 color= texSample2D(g_Texture0, v_TexCoord.xy) * g_Color4;

#if LIGHTING || REFLECTION
	float metallic= g_Metallic;
	float roughness= g_Roughness;

#if PBRMASKS
	vec4 componentMaps= texSample2D(g_Texture2, v_TexCoord.zw);
#endif

#if METALLIC_MAP
	metallic = componentMaps.x;
#endif

#if ROUGHNESS_MAP
	roughness = componentMaps.y;
#endif

#if NORMALMAP
	vec2 compressedNormal= texSample2D(g_Texture1, v_TexCoord.xy).xy * 2.0 - 1.0;
	vec3 normal= vec3(compressedNormal,
		sqrt(saturate(1.0 - compressedNormal.x * compressedNormal.x - compressedNormal.y * compressedNormal.y)));
	normal = normalize(normal);
#else
	vec3 normal= normalize(v_WorldNormal);
#endif
#endif

#if LIGHTING || REFLECTION
#if SCENE_ORTHO
	// View vector should be static on puppets on 2D wallpapers
	vec3 normalizedViewVector= vec3(0, 0, 1);
#else
	vec3 normalizedViewVector= normalize(v_ViewDir.xyz);
#endif
	
#if NORMALMAP
	mat3 tangentSpace= mat3(v_Tangent, v_Bitangent, v_Normal);
	normal = mul(normal, tangentSpace);
#endif
#endif

#if LIGHTING
	vec3 f0= CAST3(0.04);
	f0 = mix(f0, color.rgb, metallic);

	vec3 light= PerformLighting_Deprecated(v_WorldPos, color.rgb, normal, normalizedViewVector, g_SpecularTint, f0, roughness, metallic);
	vec3 ambient= g_LightAmbientColor * color.rgb;

#if EMISSIVE_MAP
	light = max(light, g_EmissiveColor * color.rgb * (componentMaps.a * g_EmissiveBrightness));
#endif

	color.rgb = CombineLighting(light, ambient);
#endif

#if REFLECTION && NORMALMAP || BLENDMODE
	vec2 screenUV= (v_ScreenPos.xy / v_ScreenPos.z) * 0.5 + 0.5;
#endif

#if REFLECTION && NORMALMAP
	float reflectivity= g_Reflectivity;

#if REFLECTION_MAP
	reflectivity *= componentMaps.z;
#endif

	vec2 tangent= normalize(v_Tangent.xy);
	vec2 bitangent= normalize(v_Bitangent.xy);

	float fresnelTerm= max(0.001, dot(normal, normalizedViewVector));
	normal = normalize(mul(normal, CAST3X3(g_ViewProjectionMatrix)));

#ifdef HLSL
	normal.y = -normal.y;
#endif

#if PLATFORM_ANDROID
	normal.xy = normal.xy * vec2(0.25 / g_Screen.z, 0.25);
#else
	// Make consistent on X since the width is usually more variable (multi monitors) - bad for phones tho
	normal.xy = normal.xy * vec2(0.15, 0.15 * g_Screen.z);
#endif
	//screenUV += normal * fresnelTerm;
	screenUV += normal.xy * pow(fresnelTerm, 4.0) * 4;

	vec3 reflectionColor= texSample2DLod(g_Texture3, screenUV, roughness * g_Texture3MipMapInfo).rgb;
	reflectionColor = reflectionColor * (1.0 - fresnelTerm) * reflectivity;
	reflectionColor = pow(max(CAST3(0.001), reflectionColor), CAST3(2.0 - metallic));

	color.rgb += saturate(reflectionColor) * fresnelTerm;
	//color.rgb = mix(color.rgb, vec3(screenUV, 0), 0.99);
#endif

#if HDR && (LIGHTING || REFLECTION) && EMISSIVE_MAP
	float emissiveOverbright= max(0.0, componentMaps.a * (g_EmissiveBrightness - 1.0));
	color.rgb += g_EmissiveColor * color.rgb * emissiveOverbright;
#endif

#if MORPHING || SKINNING_ALPHA
	color.a *= v_VertexAlpha;
#endif

#if VERTEXCOLOR
	color *= v_Color;
#endif

	out_FragColor = color;

#if BLENDMODE
	vec4 screen= texSample2D(g_Texture4, screenUV);
	out_FragColor.rgb = ApplyBlending(BLENDMODE, screen.rgb, out_FragColor.rgb, out_FragColor.a);
	out_FragColor.a = screen.a;
#endif

#if ALPHATOCOVERAGE
	out_FragColor.a = (out_FragColor.a - 0.5) / max(fwidth(out_FragColor.a), 0.0001) + 0.5;
#if GLSL
	if (out_FragColor.a < 0.5) discard;
#endif
#endif
}

Cannot setup image Lens Flare
Resorting to default value as type "options" is unknown
Resorting to default value as type "imageblending" is unknown
Resorting to default value as type "options" is unknown
Resorting to default value as type "options" is unknown
Resorting to default value as type "options" is unknown
Resorting to default value as type "options" is unknown
0:77(25): error: initializer of const variable `userBalance' must be a constant expression

Compiled source code:
#version 330
// ======================================================
// Processed shader workshop/2799421411/effects/audio_responsive_oscilloscope
// ======================================================
precision highp float;
#define mul(x, y) ((y) * (x))
#define max(x, y) max (y, x)
#define lerp mix
#define frac fract
#define CAST2(x) (vec2(x))
#define CAST3(x) (vec3(x))
#define CAST4(x) (vec4(x))
#define CAST3X3(x) (mat3(x))
#define saturate(x) (clamp(x, 0.0, 1.0))
#define texSample2D texture
#define texSample2DLod textureLod
#define atan2 atan
#define fmod(x, y) ((x)-(y)*trunc((x)/(y)))
#define ddx dFdx
#define ddy(x) dFdy(-(x))
#define GLSL 1

#define attribute in
#define varying out
// ======================================================
// Shader combo parameter definitions
// ======================================================
// found combos from current shader
#define AUDIOTHICKNESS 1
#define BLENDMODE 31
#define EQUALIZE 1
#define FLOW 0
#define GLOW 1
#define MOVE 1
#define RESOLUTION 32
#define SHAPE 1
#define TRANSPARENCY 0
#define WRITEALPHA 0
// combos from pass
// [COMBO] {"material":"Frequency resolution","combo":"RESOLUTION","type":"options","default":32,"options":{"16":16,"32":32,"64":64}}

// [COMBO] {"material":"Equalize","combo":"EQUALIZE","type":"options","default":0}


uniform mat4 g_ModelViewProjectionMatrix;

attribute vec3 a_Position;
attribute vec2 a_TexCoord;

uniform float g_Time;
uniform float u_scope; // {"material":"Scope","default":3,"int":true,"range":[1,5],"group":"Audio signal"}
uniform float u_ampExponent; // {"material":"Amplitude exponent","default":1,"range":[0,2],"group":"Audio signal"}
uniform float u_FreqBalance; // {"material":"Bass-treble balance","default":0.5,"range":[0,1],"group":"Equalizers"}
uniform float u_LRBalance; // {"material":"Left-right balance","default":0,"range":[-1,1],"group":"Equalizers"}

#if RESOLUTION == 16
uniform float g_AudioSpectrum16Left[16];
uniform float g_AudioSpectrum16Right[16];
#endif
#if RESOLUTION == 32
uniform float g_AudioSpectrum32Left[32];
uniform float g_AudioSpectrum32Right[32];
#endif

#if EQUALIZE
#define freqBalance u_FreqBalance
#else
#define leftBalance 0.5
#define rightBalance 0.5
#define freqBalance 0.5
#endif

varying vec2 v_TexCoord;
#if RESOLUTION != 64
varying float audioValue[RESOLUTION];
const float resolution= float(RESOLUTION);
const vec2 userBalance= vec2((resolution / 2.0) - ((0.01 + freqBalance) / 2.0 * (resolution / 2.0)), (0.01 + freqBalance) / 2.0 * (resolution / 2.0));
#define highBalance(f) (1.0 + pow(f / userBalance.x, 2.0)) / (1.0 + pow(f / userBalance.y, 2.0))
const float lowBalanceMultipier= pow(userBalance.x / userBalance.y, 2.0);
#endif





void main() {

#if EQUALIZE
  float leftBalance= (1.0 - u_LRBalance) * 0.5;
  float rightBalance= (1.0 + u_LRBalance) * 0.5;
#endif

#if RESOLUTION == 16
#define avg(f) float(g_AudioSpectrum16Left[f] * leftBalance + g_AudioSpectrum16Right[f] * rightBalance) //Gets the amplitude equalized left-right
#endif
#if RESOLUTION == 32
#define avg(f) float(g_AudioSpectrum32Left[f] * leftBalance + g_AudioSpectrum32Right[f] * rightBalance) //Gets the amplitude equalized left-right
#endif

#if RESOLUTION != 64 //Resolution 64 cannot be calculated in the vert because the audio array is too big to be passed to the frag
	float amplitude, balance, balance0, balance1;

    for (int i = 0; i < RESOLUTION; i++){
      amplitude = avg(i); //The amplitude of the wave
      
      balance1 = highBalance(float(i)); //Gets the multiplier value for treble balance
      balance0 = lowBalanceMultipier * balance1; //Gets the multiplier value for bass balance
      balance = sqrt(balance0) * sqrt(balance1); //Multiplier for the combined balances

      audioValue[i] = pow(balance * amplitude, u_ampExponent + 0.01);
    }
#endif

	gl_Position = mul(vec4(a_Position, 1.0), g_ModelViewProjectionMatrix);
	v_TexCoord = a_TexCoord;
}
Cannot setup image Audio Visualizer
Shutting down CEF
Stop requested
                                                                                                                                                                                                                                                                                                                                                                                                                                                                                                                                                                                                                                                                                                                                                                                                                                                                                                                                                                                                                                                                                                                                                                                                                                                                                                                                                                                                                                                                                                                                                                                                                                                                                                                                                                                                                                                                                                                                                                                                                                                                                                                                                                                                                                                                                                                                                                                                                                                                                                                                                                                                                                                                                                                                                                                                                                                                                                                                                                                                                                                                                                                                                                                                                                                                                                                                                                                                                                                                                                                                                                                                                                                                                                                                                                                                                                                                                                                                                                                                                                                                                                                                                                                                                                                                                                                                                                                                                                                                                                                                                                                                                                                                                                                                                                                                                                                                                                                                                                                                                                                                                                                                                                                                                                                                                                                                                                                                                                                                                                                                                                                                                                                                                                                                                                                                                                                                                                                                                                                                                                                                                                                                                                                                                                                                                                                                                                                                                                                                                                                                                                                                                                                                                                                                                                                                                                                                                                                                                                                                                                                                                                                                                                                                                                                                                                                                                                                                                                                                                                                                                                                                                                                                                                                                                                                                                                                                                                                                                                                                                                                                                                                                                                                                                                                                                                                                                                                                                                                                                                                                                                                                                                                                                                                                                                                                                                                                                                                                                                                                                                                                                                                                                                                                                                                                                                                                                                                                                                                                                                                                                                                                                                                                                                                                                                                                                                                                                                                                                                                                                                                                                                                                                                                                                                                                                                                                                                                                                                                                                                                                                                                                                                                                                                                                                                                                                                                                                                                                                                                                                                                                                                                                                                                                                                                                                                                                                                                                                                                                                                                                                                                                                                                                                                                                                                                                                                                                                                                                                                                                                                                                                                                                                                                                                                                                                                                                                                                                                                                                                                                                                                                                                                                                                                                                                                                                                                                                                                                                                                                                                                                                                                                                                                                                                                                                                                                                                                                                                                                                                                                                                                                                                                                                                                                                                                                                                                                                                                                                                                                                                                                                                                                                                                                                                                                                                                                                                                                                                                                                                                                                                                                                                                                                                                                                                                                                                                                                                                                                                                                                                                                                                                                                                                                                                                                                                                                                                                                                                                                                                                                                                                                                                                                                                                                                                                                                                                                                                                                                                                                                                                                                                                                                                                                                                                                                                                                                                                                                                                                                                                                                                                                                                                                                                                                                                                                                                                                                                                                                                                                                                                                                                                                                                                                                                                                                                                                                                                                                                                                                                                                                                                                                                                                                                                                                                                                                                                                                                                                                                                                                                                                                                                                                                                                                                                                                                                                                                                                                                                                                                                                                                                                                                                                                                                                                                                                                                                                                                                                                                                                                                                                                                                                                                                                                                                                                                                                                                                                                                                                                                                                                                                                                                                                                                                                                                                                                                                                                                                                                                                                                                                                                                                                                                                                                                                                                                                                                                                                                                                                                                                                                                                                                                                                                                                                                                                                                                                                                                                                                                                                                                                                                                                                                                                                                                                                                                                                                                                                                                                                                                                                                                                                                                                                                                                                                                                                                                                                                                                                                                                                                                                                                                                                                                                                                                                                                                                                                                                                                                                                                                                                                                                                                                                                                                                                                                                                                                                                                                                                                                                                                                                                                                                                                                                                                                                                                                                                                                                                                                                                                                                                                                                                                                                                                                                                                                                                                                                                                                                                                                                                                                                                                                                                                                                                                                                                                                                                                                                                                                                                                                                                                                                                                                                                                                                                                                                                                                                                                                                                                                                                                                                                                                                                                                                                                                                                                                                                                                                                                                                                                                                                                                                                                                                                                                                                                                                                                                                                                                                                                                                                                                                                                                                                                                                                                                                                                                                                                                                                                                                                                                                                                                                                                                                                                                                                                                                                                                                                                                                                                                                                                                                                                                                                                                                                                                                                                                                                                                                                                                                                                                                                                                                                                                                                                                                                                                                                                                                                                                                                                                                                                                                                                                                                                                                                                                                                                                                                                                                                                                                                                                                                                                                                                                                                                                                                                                                                                                                                                                                                                                                                                                                                                                                                                                                                                                                                                                                                                                                                                                                                                                                                                                                                                                                                                                                                                                                                                                                                                                                                                                                                                                                                                                                                                                                                                                                                                                                                                                                                                                                                                                                                                                                                                                                                                                                                                                                                                                                                                                                                                                                                                                                                                                                                                                                                                                                                                                                                                                                                                                                                                                                                                                                                                                                                                                                                                                                                                                                                                                                                                                                                                                                                                                                                                                                                                                                                                                                                                                                                                                                                                                                                                                                                                                                                                                                                                                                                                                                                                                                                                                                                                                                                                                                                                                                                                                                                                                                                                                                                                                                                                                                                                                                                                                                                                                                                                                                                                                                                                                                                                                                                                                                                                                                                                                                                                                                                                                                                                                                                                                                                                                                                                                                                                                                                                                                                                                                                                                                                                                                                                                                                                                                                                                                                                                                                                                                                                                                                                                                                                                                                                                                                                                                                                                                                                                                                                                                                                                                                                                                                                                                                                                                                                                                                                                                                                                                                                                                                                                                                                                                                                                                                                                                                                                                                                                                                                                                                                                                                                                                                                                                                                                                                                                                                                                                                                                                                                                                                                                                                                                                                                                                                                                                                                                                                                                                                                                                                                                                                                                                                                                                                                                                                                                                                                                                                                                                                                                                                                                                                                                                                                                                                                                                                                                                                                                                                                                                                                                                                                                                                                                                                                                                                                                                                                                                                                                                                                                                                                                                                                                                                                                                                                                                                                                                                                                                                                                                                                                                                                                                                                                                                                                                                                                                                                                                                                                                                                                                                                                                                                                                                                                                                                                                                                                                                                                                                                                                                                                                                                                                                                                                                                                                                                                                                                                                                                                                                                                                                                                                                                                                                                                                                                                                                                                                                                                                                                                                                                                                                                                                                                                                                                                                                                                                                                                                                                                                                                                                                                                                                                                                                                                                                                                                                                                                                                                                                                                                                                                                                                                                                                                                                                                                                                                                                                                                                                                                                                                                                                                                                                                                                                                                                                                                                                                                                                                                                                                                                                                                                                                                                                                                                                                                                                                                                                                                                                                                                                                                                                                                                                                                                                                                                                                                                                                                                                                                                                                                                                                                                                                                                                                                                                                                                                                                                                                                                                                                                                                                                                                                                                                                                                                                                                                                                                                                                                                                                                                                                                                                                                                                                                                                                                                                                                                                                                                                                                                                                                                                                                                                                                                                                                                                                                                                                                                                                                                                                                                                                                                                                                                                                                                                                                                                                                                                                                                                                                                                                                                                                                                                                                                                                                                                                                                                                                                                                                                                                                                                                                                                                                                                                                                                                                                                                                                                                                                                                                                                                                                                                                                                                                                                                                                                                                                                                                                                                                                                                                                                                                                                                                                                                                                                                                                                                                                                                                                                                                                                                                                                                                                                                                                                                                                                                                                                                                                                                                                                                                                                                                                                                                                                                                                                                                                                                                                                                                                                                                                                                                                                                                                                                                                                                                                                                                                                                                                                                                                                                                                                                                                                                                                                                                                                                                                                                                                                                                                                                                                                                                                                                                                                                                                                                                                                                                                                                                                                                                                                                                                                                                                                                                                                                                                                                                                                                                                                                                                                                                                                                                                                                                                                                                                                                                                                                                                                                                                                                                                                                                                                                                                                                                                                                                                                                                                                                                                                                                                                                                                                                                                                                                                                                                                                                                                                                                                                                                                                                                                                                                                                                                                                                                                                                                                                                                                                                                                                                                                                                                                                                                                                                                                                                                                                                                                                                                                                                                                                                                                                                                                                                                                                                                                                                                                                                                                                                                                                                                                                                                                                                                                                                                                                                                                                                                                                                                                                                                                                                                                                                                                                                                                                                                                                                                                                                                                                                                                                                                                                                                                                                                                                                                                                                                                                                                                                                                                                                                                                                                                                                                                                                                                                                                                                                                                                                                                                                                                                                                                                                                                                                                                                                                                                                                                                                                                                                                                                                                                                                                                                                                                                                                                                                                                                                                                                                                                                                                                                                                                                                                                                                                                                                                                                                                                                                                                                                                                                                                                                                                                                                                                                                                                                                                                                                                                                                                                                                                                                                                                                                                                                                                                                                                                                                                                                                                                                                                                                                                                                                                                                                                                                                                                                                                                                                                                                                                                                                                                                                                                                                                                                                                                                                                                                                                                                                                                                                                                                                                                                                                                                                                                                                                                                                                                                                                                                                                                                                                                                                                                                                                                                                                                                                                                                                                                                                                                                                                                                                                                                                                                                                                                                                                                                                                                                                                                                                                                                                                                                                                                                                                                                                                                                                                                                                                                                                                                                                                                                                                                                                                                                                                                                                                                                                                                                                                                                                                                                                                                                                                                                                                                                                                                                                                                                                                                                                                                                                                                                                                                                                                                                                                                                                                                                                                                                                                                                                                                                                                                                                                                                                                                                                                                                                                                                                                                                                                                                                                                                                                                                                                                                                                                                                                                                                                                                                                                                                                                                                                                                                                                                                                                                                                                                                                                                                                                                                                                                                                                                                                                                                                                                                                                                                                                                                                                                                                                                                                                                                                                                                                                                                                                                                                                                                                                                                                                                                                                                                                                                                                                                                                                                                                                                                                                                                                                                                                                                                                                                                                                                                                                                                                                                                                                                                                                                                                                                                                                                                                                                                                                                                                                                                                                                                                                                                                                                                                                                                                                                                                                                                                                                                                                                                                                                                                                                                                                                                                                                                                                                                                                                                                                                                                                                                                                                                                                                                                                                                                                                                                                                                                                                                                                                                                                                                                                                                                                                                                                                                                                                                                                                                                                                                                                                                                                                                                                                                                                                                                                                                                                                                                                                                                                                                                                                                                                                                                                                                                                                                                                                                                                                                                                                                                                                                                                                                                                                                                                                                                                                                                                                                                                                                                                                                                                                                                                                                                                                                                                                                                                                                                                                                                                                                                                                                                                                                                                                                                                                                                                                                                                                                                                                                                                                                                                                                                                                                                                                                                                                                                                                                                                                                                                                                                                                                                                                                                                                                                                                                                                                                                                                                                                                                                                                                                                                                                                                                                                                                                                                                                                                                                                                                                                                                                                                                                                                                                                                                                                                                                                                                                                                                                                                                                                                                                                                                                                                                                                                                                                                                                                                                                                                                                                                                                                                                                                                                                                                                                                                                                                                                                                                                                                                                                                                                                                                                                                                                                                                                                                                                                                                                                                                                                                                                                                                                                                                                                                                                                                                                                                                                                                                                                                                                                                                                                                                                                                                                                                                                                                                                                                                                                                                                                                                                                                                                                                                                                                                                                                                                                                                                                                                                                                                                                                                                                                                                                                                                                                                                                                                                                                                                                                                                                                                                                                                                                                                                                                                                                                                                                                                                                                                                                                                                                                                                                                                                                                                                                                                                                                                                                                                                                                                                                                                                                                                                                                                                                                                                                                                                                                                                                                                                                                                                                                                                                                                                                                                                                                                                                                                                                                                                                                                                                                                                                                                                                                                                                                                                                                                                                                                                                                                                                                                                                                                                                                                                                                                                                                                                                                                                                                                                                                                                                                                                                                                                                                                                                                                                                                                                                                                                                                                                                                                                                                                                                                                                                                                                                                                                                                                                                                                                                                                                                                                                                                                                                                                                                                                                                                                                                                                                                                                                                                                                                                                                                                                                                                                                                                                                                                                                                                                                                                                                                                                                                                                                                                                                                                                                                                                                                                                                                                                                                                                                                                                                                                                                                                                                                                                                                                                                                                                                                                                                                                                                                                                                                                                                                                                                                                                                                                                                                                                                                                                                                                                                                                                                                                                                                                                                                                                                                                                                                                                                                                                                                                                                                                                                                                                                                                                                                                                                                                                                                                                                                                                                                                                                                                                                                                                                                                                                                                                                                                                                                                                                                                                                                                                                                                                                                                                                                                                                                                                                                                                                                                                                                                                                                                                                                                                                                                                                                                                                                                                                                                                                                                                                                                                                                                                                                                                                                                                                                                                                                                                                                                                                                                                                                                                                                                                                                                                                                                                                                                                                                                                                                                                                                                                                                                                                                                                                                                                                                                                                                                                                                                                                                                                                                                                                                                                                                                                                                                                                                                                                                                                                                                                                                                                                                                                                                                                                                                                                                                                                                                                                                                                                                                                                                                                                                                                                                                                                                                                                                                                                                                                                                                                                                                                                                                                                                                                                                                                                                                                                                                                                                                                                                                                                                                                                                                                                                                                                                                                                                                                                                                                                                                                                                                                                                                                                                                                                                                                                                                                                                                                                                                                                                                                                                                                                                                                                                                                                                                                                                                                                                                                                                                                                                                                                                                                                                                                                                                                                                                                                                                                                                                                                                                                                                                                                                                                                                                                                                                                                                                                                                                                                                                                                                                                                                                                                                                                                                                                                                                                                                                                                                                                                                                                                                                                                                                                                                                                                                                                                                                                                                                                                                                                                                                                                                                                                                                                                                                                                                                                                                                                                                                                                                                                                                                                                                                                                                                                                                                                                                                                                                                                                                                                                                                                                                                                                                                                                                                                                                                                                                                                                                                                                                                                                                                                                                                                                                                                                                                                                                                                                                                                                                                                                                                                                                                                                                                                                                                                                                                                                                                                                                                                                                                                                                                                                                                                                                                                                                                                                                                                                                                                                                                                                                                                                                                                                                                                                                                                                                                                                                                                                                                                                                                                                                                                                                                                                                                                                                                                                                                                                                                                                                                                                                                                                                                                                                                                                                                                                                                                                                                                                                                                                                                                                                                                                                                                                                                                                                                                                                                                                                                                                                                                                                                                                                                                                                                                                                                                                                                                                                                                                                                                                                                                                                                                                                                                                                                                                                                                                                                                                                                                                                                                                                                                                                                                                                                                                                                                                                                                                                                                                                                                                                                                                                                                                                                                                                                                                                                                                                                                                                                                                                                                                                                                                                                                                                                                                                                                                                                                                                                                                                                                                                                                                                                                                                                                                                                                                                                                                                                                                                                                                                                                                                                                                                                                                                                                                                                                                                                                                                                                                                                                                                                                                                                                                                                                                                                                                                                                                                                                                                                                                                                                                                                                                                                                                                                                                                                                                                                                                                                                                                                                                                                                                                                                                                                                                                                                                                                                                                                                                                                                                                                                                                                                                                                                                                                                                                                                                                                                                                                                                                                                                                                                                                                                                                                                                                                                                                                                                                                                                                                                                                                                                                                                                                                                                                                                                                                                                                                                                                                                                                                                                                                                                                                                                                                                                                                                                                                                                                                                                                                                                                                                                                                                                                                                                                                                                                                                                                                                                                                                                                                                                                                                                                                                                                                                                                                                                                                                                                                                                                                                                                                                                                                                                                                                                                                                                                                                                                                                                                                                                                                                                                                                                                                                                                                                                                                                                                                                                                                                                                                                                                                                                                                                                                                                                                                                                                                                                                                                                                                                                                                                                                                                                                                                                                                                                                                                                                                                                                                                                                                                                                                                                                                                                                                                                                                                                                                                                                                                                                                                                                                                                                                                                                                                                                                                                                                                                                                                                                                                                                                                                                                                                                                                                                                                                                                                                                                                                                                                                                                                                                                                                                                                                                                                                                                                                                                                                                                                                                                                                                                                                                                                                                                                                                                                                                                                                                                                                                                                                                                                                                                                                                                                                                                                                                                                                                                                                                                                                                                                                                                                                                                                                                                                                                                                                                                                                                                                                                                                                                                                                                                                                                                                                                                                                                                                                                                                                                                                                                                                                                                                                                                                                                                                                                                                                                                                                                                                                                                                                                                                                                                                                                                                                                                                                                                                                                                                                                                                                                                                                                                                                                                                                                                                                                                                                                                                                                                                                                                                                                                                                                                                                                                                                                                                                                                                                                                                                                                                                                                                                                                                                                                                                                                                                                                                                                                                                                                                                                                                                                                                                                                                                                                                                                                                                                                                                                                                                                                                                                                                                                                                                                                                                                                                                                                                                                                                                                                                                                                                                                                                                                                                                                                                                                                                                                                                                                                                                                                                                                                                                                                                                                                                                                                                                                                                                                                                                                                                                                                                                                                                                                                                                                                                                                                                                                                                                                                                                                                                                                                                                                                                                                                                                                                                                                                                                                                                                                                                                                                                                                                                                                                                                                                                                                                                                                                                                                                                                                                                                                                                                                                                                                                                                                                                                                                                                                                                                                                                                                                                                                                                                                                                                                                                                                                                                                                                                                                                                                                                                                                                                                                                                                                                                                                                                                                                                                                                                                                                                                                                                                                                                                                                                                                                                                                                                                                                                                                                                                                                                                                                                                                                                                                                                                                                                                                                                                                                                                                                                                                                                                                                                                                                                                                                                                                                                                                                                                                                                                                                                                                                                                                                                                                                                                                                                                                                                                                                                                                                                                                                                                                                                                                                                                                                                                                                                                                                                                                                                                                                                                                                                                                                                                                                                                                                                                                                                                                                                                                                                                                                                                                                                                                                                                                                                                                                                                                                                                                                                                                                                                                                                                                                                                                                                                                                                                                                                                                                                                                                                                                                                                                                                                                                                                                                                                                                                                                                                                                                                                                                                                                                                                                                                                                                                                                                                                                                                                                                                                                                                                                                                                                                                                                                                                                                                                                                                                                                                                                                                                                                                                                                                                                                                                                                                                                                                                                                                                                                                                                                                                                                                                                                                                                                                                                                                                                                                                                                                                                                                                                                                                                                                                                                                                                                                                                                                                                                                                                                                                                                                                                                                                                                                                                                                                                                                                                                                                                                                                                                                                                                                                                                                                                                                                                                                                                                                                                                                                                                                                                                                                                                                                                                                                                                                                                                                                                                                                                                                                                                                                                                                                                                                                                                                                                                                                                                                                                                                                                                                                                                                                                                                                                                                                                                                                                                                                                                                                                                                                                                                                                                                                                                                                                                                                                                                                                                                                                                                                                                                                                                                                                                                                                                                                                                                                                                                                                                                                                                                                                                                                                                                                                                                                                                                                                                                                                                                                                                                                                                                                                                                                                                                                                                                                                                                                                                                                                                                                                                                                                                                                                                                                                                                                                                                                                                                                                                                                                                                                                                                                                                                                                                                                                                                                                                                                                                                                                                                                                                                                                                                                                                                                                                                                                                                                                                                                                                                                                                                                                                                                                                                                                                                                                                                                                                                                                                                                                                                                                                                                                                                                                                                                                                                                                                                                                                                                                                                                                                                                                                                                                                                                                                                                                                                                                                                                                                                                                                                                                                                                                                                                                                                                                                                                                                                                                                                                                                                                                                                                                                                                                                                                                                                                                                                                                                                                                                                                                                                                                                                                                                                                                                                                                                                                                                                                                                                                                                                                                                                                                                                                                                                                                                                                                                                                                                                                                                                                                                                                                                                                                                                                                                                                                                                                                                                                                                                                                                                                                                                                                                                                                                                                                                                                                                                                                                                                                                                                                                                                                                                                                                                                                                                                                                                                                                                                                                                                                                                                                                                                                                                                                                                                                                                                                                                                                                                                                                                                                                                                                                                                                                                                                                                                                                                                                                                                                                                                                                                                                                                                                                                                                                                                                                                                                                                                                                                                                                                                                                                                                                                                                                                                                                                                                                                                                                                                                                                                                                                                                                                                                                                                                                                                                                                                                                                                                                                                                                                                                                                                                                                                                                                                                                                                                                                                                                                                                                                                                                                                                                                                                                                                                                                                                                                                                                                                                                                                                                                                                                                                                                                                                                                                                                                                                                                                                                                                                                                                                                                                                                                                                                                                                                                                                                                                                                                                                                                                                                                                                                                                                                                                                                                                                                                                                                                                                                                                                                                                                                                                                                                                                                                                                                                                                                                                                                                                                                                                                                                                                                                                                                                                                                                                                                                                                                                                                                                                                                                                                                                                                                                                                                                                                                                                                                                                                                                                                                                                                                                                                                                                                                                                                                                                                                                                                                                                                                                                                                                                                                                                                                                                                                                                                                                                                                                                                                                                                                                                                                                                                                                                                                                                                                                                                                                                                                                                                                                                                                                                                                                                                                                                                                                                                                                                                                                                                                                                                                                                                                                                                                                                                                                                                                                                                                                                                                                                                                                                                                                                                                                                                                                                                                                                                                                                                                                                                                                                                                                                                                                                                                                                                                                                                                                                                                                                                                                                                                                                                                                                                                                                                                                                                                                                                                                                                                                                                                                                                                                                                                                                                                                                                                                                                                                                                                                                                                                                                                                                                                                                                                                                                                                                                                                                                                                                                                                                                                                                                                                                                                                                                                                                                                                                                                                                                                                                                                                                                                                                                                                                                                                                                                                                                                                                                                                                                                                                                                                                                                                                                                                                                                                                                                                                                                                                                                                                                                                                                                                                                                                                                                                                                                                                                                                                                                                                                                                                                                                                                                                                                                                                                                                                                                                                                                                                                                                                                                                                                                                                                                                                                                                                                                                                                                                                                                                                                                                                                                                                                                                                                                                                                                                                                                                                                                                                                                                                                                                                                                                                                                                                                                                                                                                                                                                                                                                                                                                                                                                                                                                                                                                                                                                                                                                                                                                                                                                                                                                                                                                                                                                                                                                                                                                                                                                                                                                                                                                                                                                                                                                                                                                                                                                                                                                                                                                                                                                                                                                                                                                                                                                                                                                                                                                                                                                                                                                                                                                                                                                                                                                                                                                                                                                                                                                                                                                                                                                                                                                                                                                                                                                                                                                                                                                                                                                                                                                                                                                                                                                                                                                                                                                                                                                                                                                                                                                                                                                                                                                                                                                                                                                                                                                                                                                                                                                                                                                                                                                                                                                                                                                                                                                                                                                                                                                                                                                                                                                                                                                                                                                                                                                                                                                                                                                                                                                                                                                                                                                                                                                                                                                                                                                                                                                                                                                                                                                                                                                                                                                                                                                                                                                                                                                                                                                                                                                                                                                                                                                                                                                                                                                                                                                                                                                                                                                                                                                                                                                                                                                                                                                                                                                                                                                                                                                                                                                                                                                                                                                                                                                                                                                                                                                                                                                                                                                                                                                                                                                                                                                                                                                                                                                                                                                                                                                                                                                                                                                                                                                                                                                                                                                                                                                                                                                                                                                                                                                                                                                                                                                                                                                                                                                                                                                                                                                                                                                                                                                                                                                                                                                                                                                                                                                                                                                                                                                                                                                                                                                                                                                                                                                                                                                                                                                                                                                                                                                                                                                                                                                                                                                                                                                                                                                                                                                                                                                                                                                                                                                                                                                                                                                                                                                                                                                                                                                                                                                                                                                                                                                                                                                                                                                                                                                                                                                                                                                                                                                                                                                                                                                                                                                                                                                                                                                                                                                                                                                                                                                                                                                                                                                                                                                                                                                                                                                                                                                                                                                                                                                                                                                                                                                                                                                                                                                                                                                                                                                                                                                                                                                                                                                                                                                                                                                                                                                                                                                                                                                                                                                                                                                                                                                                                                                                                                                                                                                                                                                                                                                                                                                                                                                                                                                                                                                                                                                                                                                                                                                                                                                                                                                                                                                                                                                                                                                                                                                                                                                                                                                                                                                                                                                                                                                                                                                                                                                                                                                                                                                                                                                                                                                                                                                                                                                                                                                                                                                                                                                                                                                                                                                                                                                                                                                                                                                                                                                                                                                                                                                                                                                                                                                                                                                                                                                                                                                                                                                                                                                                                                                                                                                                                                                                                                                                                                                                                                                                                                                                                                                                                                                                                                                                                                                                                                                                                                                                                                                                                                                                                                                                                                                                                                                                                                                                                                                                                                                                                                                                                                                                                                                                                                                                                                                                                                                                                                                                                                                                                                                                                                                                                                                                                                                                                                                                                                                                                                                                                                                                                                                                                                                                                                                                                                                                                                                                                                                                                                                                                                                                                                                                                                                                                                                                                                                                                                                                                                                                                                                                                                                                                                                                                                                                                                                                                                                                                                                                                                                                                                                                                                                                                                                                                                                                                                                                                                                                                                                                                                                                                                                                                                                                                                                                                                                                                                                                                                                                                                                                                                                                                                                                                                                                                                                                                                                                                                                                                                                                                                                                                                                                                                                                                                                                                                                                                                                                                                                                                                                                                                                                                                                                                                                                                                                                                                                                                                                                                                                                                                                                                                                                                                                                                                                                                                                                                                                                                                                                                                                                                                                                                                                                                                                                                                                                                                                                                                                                                                                                                                                                                                                                                                                                                                                                                                                                                                                                                                                                                                                                                                                                                                                                                                                                                                                                                                                                                                                                                                                                                                                                                                                                                                                                                                                                                                                                                                                                                                                                                                                                                                                                                                                                                                                                                                                                                                                                                                                                                                                                                                                                                                                                                                                                                                                                                                                                                                                                                                                                                                                                                                                                                                                                                                                                                                                                                                                                                                                                                                                                                                                                                                                                                                                                                                                                                                                                                                                                                                                                                                                                                                                                                                                                                                                                                                                                                                                                                                                                                                                                                                                                                                                                                                                                                                                                                                                                                                                                                                                                                                                                                                                                                                                                                                                                                                                                                                                                                                                                                                                                                                                                                                                                                                                                                                                                                                                                                                                                                                                                                                                                                                                                                                                                                                                                                                                                                                                                                                                                                                                                                                                                                                                                                                                                                                                                                                                                                                                                                                                                                                                                                                                                                                                                                                                                                                                                                                                                                                                                                                                                                                                                                                                                                                                                                                                                                                                                                                                                                                                                                                                                                                                                                                                                                                                                                                                                                                                                                                                                                                                                                                                                                                                                                                                                                                                                                                                                                                                                                                                                                                                                                                                                                                                                                                                                                                                                                                                                                                                                                                                                                                                                                                                                                                                                                                                                                                                                                                                                                                                                                                                                                                                                                                                                                                                                                                                                                                                                                                                                                                                                                                                                                                                                                                                                                                                                                                                                                                                                                                                                                                                                                                                                                                                                                                                                                                                                                                                                                                                                                                                                                                                                                                                                                                                                                                                                                                                                                                                                                                                                                                                                                                                                                                                                                                                                                                                                                                                                                                                                                                                                                                                                                                                                                                                                                                                                                                                                                                                                                                                                                                                                                                                                                                                                                                                                                                                                                                                                                                                                                                                                                                                                                                                                                                                                                                                                                                                                                                                                                                                                                                                                                                                                                                                                                                                                                                                                                                                                                                                                                                                                                                                                                                                                                                                                                                                                                                                                                                                                                                                                                                                                                                                                                                                                                                                                                                                                                                                                                                                                                                                                                                                                                                                                                                                                                                                                                                                                                                                                                                                                                                                                                                                                                                                                                                                                                                                                                                                                                                                                                                                                                                                                                                                                                                                                                                                                                                                                                                                                                                                                                                                                                                                                                                                                                                                                                                                                                                                                                                                                                                                                                                                                                                                                                                                                                                                                                                                                                                                                                                                                                                                                                                                                                                                                                                                                                                                                                                                                                                                                                                                                                                                                                                                                                                                                                                                                                                                                                                                                                                                                                                                                                                                                                                                                                                                                                                                                                                                                                                                                                                                                                                                                                                                                                                                                                                                                                                                                                                                                                                                                                                                                                                                                                                                                                                                                                                                                                                                                                                                                                                                                                                                                                                                                                                                                                                                                                                                                                                                                                                                                                                                                                                                                                                                                                                                                                                                                                                                                                                                                                                                                                                                                                                                                                                                                                                                                                                                                                                                                                                                                                                                                                                                                                                                                                                                                                                                                                                                                                                                                                                                                                                                                                                                                                                                                                                                                                                                                                                                                                                                                                                                                                                                                                                                                                                                                                                                                                                                                                                                                                                                                                                                                                                                                                                                                                                                                                                                                                                                                                                                                                                                                                                                                                                                                                                                                                                                                                                                                                                                                                                                                                                                                                                                                                                                                                                                                                                                                                                                                                                                                                                                                                                                                                                                                                                                                                                                                                                                                                                                                                                                                                                                                                                                                                                                                                                                                                                                                                                                                                                                                                                                                                                                                                                                                                                                                                                                                                                                                                                                                                                                                                                                                                                                                           
AV: 00:00:01 / 00:00:07 (22%) A-V: -0.000
AV: 00:00:01 / 00:00:07 (22%) A-V: -0.000
AV: 00:00:01 / 00:00:07 (23%) A-V: -0.000
AV: 00:00:01 / 00:00:07 (23%) A-V: -0.000
AV: 00:00:01 / 00:00:07 (24%) A-V: -0.000
AV: 00:00:01 / 00:00:07 (24%) A-V: -0.000
AV: 00:00:01 / 00:00:07 (25%) A-V: -0.000
AV: 00:00:01 / 00:00:07 (25%) A-V: -0.000
AV: 00:00:01 / 00:00:07 (26%) A-V: -0.000
AV: 00:00:01 / 00:00:07 (26%) A-V: -0.000
AV: 00:00:01 / 00:00:07 (27%) A-V: -0.000
AV: 00:00:01 / 00:00:07 (27%) A-V: -0.000
AV: 00:00:01 / 00:00:07 (28%) A-V: -0.000
AV: 00:00:01 / 00:00:07 (28%) A-V: -0.000
AV: 00:00:02 / 00:00:07 (29%) A-V: -0.000
AV: 00:00:02 / 00:00:07 (29%) A-V: -0.000
AV: 00:00:02 / 00:00:07 (30%) A-V: -0.000
AV: 00:00:02 / 00:00:07 (30%) A-V: -0.000
AV: 00:00:02 / 00:00:07 (31%) A-V: -0.000
AV: 00:00:02 / 00:00:07 (31%) A-V: -0.000
AV: 00:00:02 / 00:00:07 (32%) A-V: -0.000
AV: 00:00:02 / 00:00:07 (32%) A-V: -0.000
AV: 00:00:02 / 00:00:07 (33%) A-V: -0.000
AV: 00:00:02 / 00:00:07 (33%) A-V: -0.000
AV: 00:00:02 / 00:00:07 (34%) A-V: -0.000
AV: 00:00:02 / 00:00:07 (34%) A-V: -0.000
AV: 00:00:02 / 00:00:07 (35%) A-V: -0.000
AV: 00:00:02 / 00:00:07 (35%) A-V: -0.000
AV: 00:00:02 / 00:00:07 (36%) A-V: -0.000
AV: 00:00:02 / 00:00:07 (36%) A-V: -0.000
AV: 00:00:02 / 00:00:07 (37%) A-V: -0.000
AV: 00:00:02 / 00:00:07 (37%) A-V: -0.000
AV: 00:00:02 / 00:00:07 (38%) A-V: -0.000
AV: 00:00:02 / 00:00:07 (38%) A-V: -0.000
AV: 00:00:02 / 00:00:07 (38%) A-V:  0.000
AV: 00:00:02 / 00:00:07 (39%) A-V: -0.000
AV: 00:00:02 / 00:00:07 (39%) A-V: -0.000
AV: 00:00:02 / 00:00:07 (39%) A-V:  0.000
AV: 00:00:02 / 00:00:07 (40%) A-V:  0.000
AV: 00:00:02 / 00:00:07 (40%) A-V:  0.000
AV: 00:00:02 / 00:00:07 (41%) A-V:  0.000
AV: 00:00:02 / 00:00:07 (41%) A-V:  0.000
AV: 00:00:02 / 00:00:07 (42%) A-V:  0.000
AV: 00:00:02 / 00:00:07 (42%) A-V:  0.000
AV: 00:00:03 / 00:00:07 (43%) A-V:  0.000
AV: 00:00:03 / 00:00:07 (43%) A-V:  0.000
AV: 00:00:03 / 00:00:07 (44%) A-V:  0.000
AV: 00:00:03 / 00:00:07 (44%) A-V:  0.000
AV: 00:00:03 / 00:00:07 (45%) A-V:  0.000
AV: 00:00:03 / 00:00:07 (45%) A-V:  0.000
AV: 00:00:03 / 00:00:07 (46%) A-V:  0.000
AV: 00:00:03 / 00:00:07 (46%) A-V:  0.000
AV: 00:00:03 / 00:00:07 (47%) A-V:  0.000
AV: 00:00:03 / 00:00:07 (47%) A-V:  0.000
AV: 00:00:03 / 00:00:07 (48%) A-V:  0.000
AV: 00:00:03 / 00:00:07 (48%) A-V:  0.000
AV: 00:00:03 / 00:00:07 (49%) A-V:  0.000
AV: 00:00:03 / 00:00:07 (49%) A-V:  0.000
AV: 00:00:03 / 00:00:07 (50%) A-V:  0.000
AV: 00:00:03 / 00:00:07 (50%) A-V:  0.000
AV: 00:00:03 / 00:00:07 (51%) A-V:  0.000
AV: 00:00:03 / 00:00:07 (51%) A-V:  0.000
AV: 00:00:03 / 00:00:07 (52%) A-V:  0.000
AV: 00:00:03 / 00:00:07 (52%) A-V:  0.000
AV: 00:00:03 / 00:00:07 (53%) A-V:  0.000
AV: 00:00:03 / 00:00:07 (53%) A-V:  0.000
AV: 00:00:03 / 00:00:07 (54%) A-V:  0.000
AV: 00:00:03 / 00:00:07 (54%) A-V:  0.000
AV: 00:00:03 / 00:00:07 (55%) A-V:  0.000
AV: 00:00:03 / 00:00:07 (55%) A-V:  0.000
AV: 00:00:03 / 00:00:07 (56%) A-V:  0.000
AV: 00:00:03 / 00:00:07 (56%) A-V:  0.000
AV: 00:00:03 / 00:00:07 (57%) A-V:  0.000
AV: 00:00:03 / 00:00:07 (57%) A-V:  0.000
AV: 00:00:04 / 00:00:07 (57%) A-V:  0.000
AV: 00:00:04 / 00:00:07 (57%) A-V:  0.000
AV: 00:00:04 / 00:00:07 (58%) A-V:  0.000
AV: 00:00:04 / 00:00:07 (58%) A-V:  0.000
AV: 00:00:04 / 00:00:07 (59%) A-V:  0.000
AV: 00:00:04 / 00:00:07 (59%) A-V:  0.000
AV: 00:00:04 / 00:00:07 (60%) A-V:  0.000
AV: 00:00:04 / 00:00:07 (60%) A-V:  0.000
AV: 00:00:04 / 00:00:07 (61%) A-V:  0.000
AV: 00:00:04 / 00:00:07 (61%) A-V:  0.000
AV: 00:00:04 / 00:00:07 (62%) A-V:  0.000
AV: 00:00:04 / 00:00:07 (62%) A-V:  0.000
AV: 00:00:04 / 00:00:07 (63%) A-V:  0.000
AV: 00:00:04 / 00:00:07 (63%) A-V:  0.000
AV: 00:00:04 / 00:00:07 (64%) A-V:  0.000
AV: 00:00:04 / 00:00:07 (64%) A-V:  0.000Stop requested
